Rt,Rt_1,Rt_2,Rt_3,Rt_4,Rt_5,Qt
0.878,25.06,3.613,8.19,1.608,28.16,299
0,0.878,25.06,3.613,8.19,1.608,182
25.527,0,0.878,25.06,3.613,8.19,151
36.896,25.527,0,0.878,25.06,3.613,561
6.184,36.896,25.527,0,0.878,25.06,384
12.673,6.184,36.896,25.527,0,0.878,649
1.952,12.673,6.184,36.896,25.527,0,366
8.429,1.952,12.673,6.184,36.896,25.527,303
2.706,8.429,1.952,12.673,6.184,36.896,250
0.161,2.706,8.429,1.952,12.673,6.184,197
10.811,0.161,2.706,8.429,1.952,12.673,178
6.628,10.811,0.161,2.706,8.429,1.952,309
39.986,6.628,10.811,0.161,2.706,8.429,536
33.425,39.986,6.628,10.811,0.161,2.706,752
14.542,33.425,39.986,6.628,10.811,0.161,502
1.958,14.542,33.425,39.986,6.628,10.811,199
0.186,1.958,14.542,33.425,39.986,6.628,184
3.39,0.186,1.958,14.542,33.425,39.986,161
8.899,3.39,0.186,1.958,14.542,33.425,284
6.192,8.899,3.39,0.186,1.958,14.542,288
18.963,6.192,8.899,3.39,0.186,1.958,341
36.2,18.963,6.192,8.899,3.39,0.186,736
28.685,36.2,18.963,6.192,8.899,3.39,835
3.798,28.685,36.2,18.963,6.192,8.899,501
0.704,3.798,28.685,36.2,18.963,6.192,213
3.893,0.704,3.798,28.685,36.2,18.963,231
56.954,3.893,0.704,3.798,28.685,36.2,355
53.73,56.954,3.893,0.704,3.798,28.685,519
45.765,53.73,56.954,3.893,0.704,3.798,1590
29.993,45.765,53.73,56.954,3.893,0.704,1420
6.074,29.993,45.765,53.73,56.954,3.893,489
4.213,6.074,29.993,45.765,53.73,56.954,339
1.69,4.213,6.074,29.993,45.765,53.73,252
2.058,1.69,4.213,6.074,29.993,45.765,237
7.749,2.058,1.69,4.213,6.074,29.993,205
8.067,7.749,2.058,1.69,4.213,6.074,181
1.323,8.067,7.749,2.058,1.69,4.213,165
0,1.323,8.067,7.749,2.058,1.69,125
0,0,1.323,8.067,7.749,2.058,122
0,0,0,1.323,8.067,7.749,114
127.07,0,0,0,1.323,8.067,703
118.83,127.07,0,0,0,1.323,3040
7.7,118.83,127.07,0,0,0,1504
24.326,7.7,118.83,127.07,0,0,1030
0.578,24.326,7.7,118.83,127.07,0,745
2.1,0.578,24.326,7.7,118.83,127.07,453
0,2.1,0.578,24.326,7.7,118.83,364
0.414,0,2.1,0.578,24.326,7.7,319
0.196,0.414,0,2.1,0.578,24.326,258
7.542,0.196,0.414,0,2.1,0.578,222
0.442,7.542,0.196,0.414,0,2.1,204
0.714,0.442,7.542,0.196,0.414,0,193
0.322,0.714,0.442,7.542,0.196,0.414,183
9.387,0.322,0.714,0.442,7.542,0.196,271
0,9.387,0.322,0.714,0.442,7.542,175
0,0,9.387,0.322,0.714,0.442,167
47.439,0,0,9.387,0.322,0.714,367
45.913,47.439,0,0,9.387,0.322,509
34.283,45.913,47.439,0,0,9.387,681
30.159,34.283,45.913,47.439,0,0,587
8.423,30.159,34.283,45.913,47.439,0,449
26.241,8.423,30.159,34.283,45.913,47.439,618
0.752,26.241,8.423,30.159,34.283,45.913,392
2.504,0.752,26.241,8.423,30.159,34.283,239
6.479,2.504,0.752,26.241,8.423,30.159,279
5.248,6.479,2.504,0.752,26.241,8.423,368
0,5.248,6.479,2.504,0.752,26.241,283
3.726,0,5.248,6.479,2.504,0.752,276
2.116,3.726,0,5.248,6.479,2.504,232
0.232,2.116,3.726,0,5.248,6.479,232
0.42,0.232,2.116,3.726,0,5.248,206
102.01,0.42,0.232,2.116,3.726,0,223
19.656,102.01,0.42,0.232,2.116,3.726,1970
5.31,19.656,102.01,0.42,0.232,2.116,763
57.999,5.31,19.656,102.01,0.42,0.232,598
0,57.999,5.31,19.656,102.01,0.42,810
0,0,57.999,5.31,19.656,102.01,447
4.554,0,0,57.999,5.31,19.656,387
18.835,4.554,0,0,57.999,5.31,326
24.822,18.835,4.554,0,0,57.999,443
0.023,24.822,18.835,4.554,0,0,514
0,0.023,24.822,18.835,4.554,0,294
6.839,0,0.023,24.822,18.835,4.554,318
12.663,6.839,0,0.023,24.822,18.835,444
31.752,12.663,6.839,0,0.023,24.822,613
51.739,31.752,12.663,6.839,0,0.023,843
2.241,51.739,31.752,12.663,6.839,0,576
0.084,2.241,51.739,31.752,12.663,6.839,299
28.812,0.084,2.241,51.739,31.752,12.663,410
7.623,28.812,0.084,2.241,51.739,31.752,392
25.893,7.623,28.812,0.084,2.241,51.739,500
3.926,25.893,7.623,28.812,0.084,2.241,384
13.478,3.926,25.893,7.623,28.812,0.084,438
3.011,13.478,3.926,25.893,7.623,28.812,212
0,3.011,13.478,3.926,25.893,7.623,194
0,0,3.011,13.478,3.926,25.893,181
0,0,0,3.011,13.478,3.926,167
0,0,0,0,3.011,13.478,170
0,0,0,0,0,3.011,162
0,0,0,0,0,0,167
0,0,0,0,0,0,161
0,0,0,0,0,0,153
0,0,0,0,0,0,150
0,0,0,0,0,0,148
0,0,0,0,0,0,145
0,0,0,0,0,0,143
0,0,0,0,0,0,139
0,0,0,0,0,0,134
0,0,0,0,0,0,129
0,0,0,0,0,0,125
0,0,0,0,0,0,123
0,0,0,0,0,0,120
0,0,0,0,0,0,117
0,0,0,0,0,0,113
0,0,0,0,0,0,111
0,0,0,0,0,0,107
0,0,0,0,0,0,105
0,0,0,0,0,0,103
0,0,0,0,0,0,99.8
0,0,0,0,0,0,97.4
0,0,0,0,0,0,94.4
0,0,0,0,0,0,92
0,0,0,0,0,0,90.2
0,0,0,0,0,0,89
0,0,0,0,0,0,87.8
0,0,0,0,0,0,86.6
0,0,0,0,0,0,83.6
0,0,0,0,0,0,81.5
0,0,0,0,0,0,78.8
0,0,0,0,0,0,77.6
0,0,0,0,0,0,77
0,0,0,0,0,0,75.2
0,0,0,0,0,0,73.4
0,0,0,0,0,0,71.6
0,0,0,0,0,0,69.8
0,0,0,0,0,0,68
0,0,0,0,0,0,66.4
0,0,0,0,0,0,64.8
0,0,0,0,0,0,63.2
0,0,0,0,0,0,61.6
0,0,0,0,0,0,60
0,0,0,0,0,0,60
0,0,0,0,0,0,58.4
0,0,0,0,0,0,56.8
0,0,0,0,0,0,55.2
0,0,0,0,0,0,53.6
0,0,0,0,0,0,52
0,0,0,0,0,0,50.6
0,0,0,0,0,0,49.2
0,0,0,0,0,0,47.8
0,0,0,0,0,0,46.4
0,0,0,0,0,0,45
0,0,0,0,0,0,43.6
0,0,0,0,0,0,42.2
0,0,0,0,0,0,40.8
0,0,0,0,0,0,39.4
0,0,0,0,0,0,38
0,0,0,0,0,0,36.8
0,0,0,0,0,0,35.6
0,0,0,0,0,0,34.4
0,0,0,0,0,0,33.2
0,0,0,0,0,0,32
0,0,0,0,0,0,30.8
0,0,0,0,0,0,29.6
0,0,0,0,0,0,28.4
0,0,0,0,0,0,28.4
0,0,0,0,0,0,27.2
0,0,0,0,0,0,26
0,0,0,0,0,0,26
4.487,0,0,0,0,0,26
6.817,4.487,0,0,0,0,28.8
10.918,6.817,4.487,0,0,0,46.4
1.012,10.918,6.817,4.487,0,0,87.8
0,1.012,10.918,6.817,4.487,0,56.8
0,0,1.012,10.918,6.817,4.487,41.3
0,0,0,1.012,10.918,6.817,35.2
0,0,0,0,1.012,10.918,32.4
0,0,0,0,0,1.012,34.4
0,0,0,0,0,0,31.2
0,0,0,0,0,0,29.2
0,0,0,0,0,0,27.2
0,0,0,0,0,0,26
0,0,0,0,0,0,25.1
0,0,0,0,0,0,24.2
0,0,0,0,0,0,24.2
0,0,0,0,0,0,23
0,0,0,0,0,0,21.8
0,0,0,0,0,0,20.6
0,0,0,0,0,0,19.7
0,0,0,0,0,0,18.8
0,0,0,0,0,0,17.9
0,0,0,0,0,0,17
0,0,0,0,0,0,16.5
0,0,0,0,0,0,16
0,0,0,0,0,0,15.5
0,0,0,0,0,0,15
0,0,0,0,0,0,14.5
0,0,0,0,0,0,14
0,0,0,0,0,0,13.5
0,0,0,0,0,0,13
0,0,0,0,0,0,12.5
0,0,0,0,0,0,12
0,0,0,0,0,0,12
0,0,0,0,0,0,12
0,0,0,0,0,0,11.6
0,0,0,0,0,0,11.6
0,0,0,0,0,0,11.2
0,0,0,0,0,0,11.2
0,0,0,0,0,0,11.2
0,0,0,0,0,0,10.9
0,0,0,0,0,0,10.5
0,0,0,0,0,0,10.5
0,0,0,0,0,0,10.1
0,0,0,0,0,0,10.1
0,0,0,0,0,0,9.72
0,0,0,0,0,0,9.72
0,0,0,0,0,0,9.34
0,0,0,0,0,0,8.96
0,0,0,0,0,0,8.58
0,0,0,0,0,0,8.2
0,0,0,0,0,0,8.2
0,0,0,0,0,0,7.93
0,0,0,0,0,0,7.93
0,0,0,0,0,0,7.66
0,0,0,0,0,0,7.66
0,0,0,0,0,0,7.93
0,0,0,0,0,0,8.11
3.448,0,0,0,0,0,8.71
1.386,3.448,0,0,0,0,10.4
0,1.386,3.448,0,0,0,10.1
0,0,1.386,3.448,0,0,9.34
0,0,0,1.386,3.448,0,8.96
0,0,0,0,1.386,3.448,8.58
6.503,0,0,0,0,1.386,8.96
1.564,6.503,0,0,0,0,18.2
0,1.564,6.503,0,0,0,14.5
0,0,1.564,6.503,0,0,11.6
0,0,0,1.564,6.503,0,10.9
0,0,0,0,1.564,6.503,10.1
0,0,0,0,0,1.564,9.09
0,0,0,0,0,0,8.33
0,0,0,0,0,0,7.66
0.07,0,0,0,0,0,7.39
0,0.07,0,0,0,0,7.12
0,0,0.07,0,0,0,6.85
0,0,0,0.07,0,0,6.58
0,0,0,0,0.07,0,6.31
0,0,0,0,0,0.07,6.04
0,0,0,0,0,0,5.77
0,0,0,0,0,0,5.5
0,0,0,0,0,0,5.5
0,0,0,0,0,0,5.45
6.516,0,0,0,0,0,6.49
1.262,6.516,0,0,0,0,8.53
0,1.262,6.516,0,0,0,8.96
0,0,1.262,6.516,0,0,7.48
0,0,0,1.262,6.516,0,7.12
0,0,0,0,1.262,6.516,6.85
0,0,0,0,0,1.262,6.58
0.69,0,0,0,0,0,6.58
26.726,0.69,0,0,0,0,100
0,26.726,0.69,0,0,0,55.6
0,0,26.726,0.69,0,0,24.3
0,0,0,26.726,0.69,0,15.5
0,0,0,0,26.726,0.69,12
0,0,0,0,0,26.726,10.5
0,0,0,0,0,0,9.59
0,0,0,0,0,0,8.96
0,0,0,0,0,0,8.58
3.933,0,0,0,0,0,12
0,3.933,0,0,0,0,11.2
0,0,3.933,0,0,0,9.34
0,0,0,3.933,0,0,7.93
0,0,0,0,3.933,0,7.3
0,0,0,0,0,3.933,6.85
0,0,0,0,0,0,6.04
0,0,0,0,0,0,5.47
0,0,0,0,0,0,5.45
0,0,0,0,0,0,5.4
0,0,0,0,0,0,5.25
0,0,0,0,0,0,5.25
0,0,0,0,0,0,5.2
0,0,0,0,0,0,5.15
1.334,0,0,0,0,0,5.1
2.03,1.334,0,0,0,0,5.87
0,2.03,1.334,0,0,0,5.57
0,0,2.03,1.334,0,0,5.35
0,0,0,2.03,1.334,0,5.95
0.924,0,0,0,2.03,1.334,5.48
2.606,0.924,0,0,0,2.03,7.12
5.38,2.606,0.924,0,0,0,6.76
2.31,5.38,2.606,0.924,0,0,12.5
10.404,2.31,5.38,2.606,0.924,0,19.1
1.748,10.404,2.31,5.38,2.606,0.924,13.5
0,1.748,10.404,2.31,5.38,2.606,10.7
0,0,1.748,10.404,2.31,5.38,10.1
0,0,0,1.748,10.404,2.31,8.71
0,0,0,0,1.748,10.404,7.48
6.363,0,0,0,0,1.748,7.12
0,6.363,0,0,0,0,11.9
0.966,0,6.363,0,0,0,6.58
0,0.966,0,6.363,0,0,7.21
0,0,0.966,0,6.363,0,5.59
0,0,0,0.966,0,6.363,5.37
0.414,0,0,0,0.966,0,5.25
1.886,0.414,0,0,0,0.966,5.25
0,1.886,0.414,0,0,0,5.23
7.543,0,1.886,0.414,0,0,5.37
0.28,7.543,0,1.886,0.414,0,13
9.914,0.28,7.543,0,1.886,0.414,7.45
0.23,9.914,0.28,7.543,0,1.886,50.2
6.228,0.23,9.914,0.28,7.543,0,37.7
2.888,6.228,0.23,9.914,0.28,7.543,48.5
0,2.888,6.228,0.23,9.914,0.28,53.6
0.14,0,2.888,6.228,0.23,9.914,47.1
0.28,0.14,0,2.888,6.228,0.23,42.8
33.36,0.28,0.14,0,2.888,6.228,239.9
14.411,33.36,0.28,0.14,0,2.888,131
13.082,14.411,33.36,0.28,0.14,0,178.1
26.033,13.082,14.411,33.36,0.28,0.14,207
9.567,26.033,13.082,14.411,33.36,0.28,109
1.312,9.567,26.033,13.082,14.411,33.36,105
1.288,1.312,9.567,26.033,13.082,14.411,69.4
1.47,1.288,1.312,9.567,26.033,13.082,62.2
0,1.47,1.288,1.312,9.567,26.033,48.7
12.282,0,1.47,1.288,1.312,9.567,162.5
1.978,12.282,0,1.47,1.288,1.312,65.1
24.219,1.978,12.282,0,1.47,1.288,223
0.023,24.219,1.978,12.282,0,1.47,102
0.49,0.023,24.219,1.978,12.282,0,108
53.6,0.49,0.023,24.219,1.978,12.282,130
1.454,53.6,0.49,0.023,24.219,1.978,592
8.122,1.454,53.6,0.49,0.023,24.219,102
12.591,8.122,1.454,53.6,0.49,0.023,269
9.859,12.591,8.122,1.454,53.6,0.49,157
2.602,9.859,12.591,8.122,1.454,53.6,136
14.453,2.602,9.859,12.591,8.122,1.454,244
2.834,14.453,2.602,9.859,12.591,8.122,352
2.764,2.834,14.453,2.602,9.859,12.591,267
0.741,2.764,2.834,14.453,2.602,9.859,163
1.338,0.741,2.764,2.834,14.453,2.602,153
5.523,1.338,0.741,2.764,2.834,14.453,147
0.7,5.523,1.338,0.741,2.764,2.834,213
2.478,0.7,5.523,1.338,0.741,2.764,131
0.448,2.478,0.7,5.523,1.338,0.741,145
1.04,0.448,2.478,0.7,5.523,1.338,120
3.166,1.04,0.448,2.478,0.7,5.523,138
0.14,3.166,1.04,0.448,2.478,0.7,213
0,0.14,3.166,1.04,0.448,2.478,142
0,0,0.14,3.166,1.04,0.448,138
1.952,0,0,0.14,3.166,1.04,128
9.705,1.952,0,0,0.14,3.166,145
12.274,9.705,1.952,0,0,0.14,179
1.114,12.274,9.705,1.952,0,0,273
12.747,1.114,12.274,9.705,1.952,0,301
14.179,12.747,1.114,12.274,9.705,1.952,365
26.068,14.179,12.747,1.114,12.274,9.705,518
19.75,26.068,14.179,12.747,1.114,12.274,691
11.551,19.75,26.068,14.179,12.747,1.114,718
7.993,11.551,19.75,26.068,14.179,12.747,649
1.244,7.993,11.551,19.75,26.068,14.179,478
32.981,1.244,7.993,11.551,19.75,26.068,625
1.324,32.981,1.244,7.993,11.551,19.75,369
24.033,1.324,32.981,1.244,7.993,11.551,339
91.413,24.033,1.324,32.981,1.244,7.993,583
19.778,91.413,24.033,1.324,32.981,1.244,1370
2.976,19.778,91.413,24.033,1.324,32.981,357
0.42,2.976,19.778,91.413,24.033,1.324,350
1.342,0.42,2.976,19.778,91.413,24.033,279
2.776,1.342,0.42,2.976,19.778,91.413,262
6.363,2.776,1.342,0.42,2.976,19.778,255
2.716,6.363,2.776,1.342,0.42,2.976,337
28.437,2.716,6.363,2.776,1.342,0.42,547
2.817,28.437,2.716,6.363,2.776,1.342,306
2.216,2.817,28.437,2.716,6.363,2.776,261
0.513,2.216,2.817,28.437,2.716,6.363,232
0.989,0.513,2.216,2.817,28.437,2.716,228
3.726,0.989,0.513,2.216,2.817,28.437,222
0.998,3.726,0.989,0.513,2.216,2.817,238
0.548,0.998,3.726,0.989,0.513,2.216,214
0.804,0.548,0.998,3.726,0.989,0.513,186
3.627,0.804,0.548,0.998,3.726,0.989,185
7.999,3.627,0.804,0.548,0.998,3.726,225
32.995,7.999,3.627,0.804,0.548,0.998,331
38.105,32.995,7.999,3.627,0.804,0.548,481
11.726,38.105,32.995,7.999,3.627,0.804,518
15.098,11.726,38.105,32.995,7.999,3.627,439
27.014,15.098,11.726,38.105,32.995,7.999,483
31.913,27.014,15.098,11.726,38.105,32.995,364
18.387,31.913,27.014,15.098,11.726,38.105,378
56.219,18.387,31.913,27.014,15.098,11.726,505
28.823,56.219,18.387,31.913,27.014,15.098,1070
11.695,28.823,56.219,18.387,31.913,27.014,396
3.276,11.695,28.823,56.219,18.387,31.913,348
4.545,3.276,11.695,28.823,56.219,18.387,297
15.789,4.545,3.276,11.695,28.823,56.219,298
44.833,15.789,4.545,3.276,11.695,28.823,827
13.121,44.833,15.789,4.545,3.276,11.695,733
31.453,13.121,44.833,15.789,4.545,3.276,521
18.12,31.453,13.121,44.833,15.789,4.545,495
13.057,18.12,31.453,13.121,44.833,15.789,532
1.586,13.057,18.12,31.453,13.121,44.833,393
0,1.586,13.057,18.12,31.453,13.121,309
7.207,0,1.586,13.057,18.12,31.453,292
0.154,7.207,0,1.586,13.057,18.12,254
7.161,0.154,7.207,0,1.586,13.057,234
6.643,7.161,0.154,7.207,0,1.586,255
31.563,6.643,7.161,0.154,7.207,0,272
33.844,31.563,6.643,7.161,0.154,7.207,520
41.37,33.844,31.563,6.643,7.161,0.154,746
25.373,41.37,33.844,31.563,6.643,7.161,525
6.054,25.373,41.37,33.844,31.563,6.643,382
6.353,6.054,25.373,41.37,33.844,31.563,381
8.462,6.353,6.054,25.373,41.37,33.844,420
21.843,8.462,6.353,6.054,25.373,41.37,625
7.737,21.843,8.462,6.353,6.054,25.373,477
9.337,7.737,21.843,8.462,6.353,6.054,442
2.658,9.337,7.737,21.843,8.462,6.353,422
14.634,2.658,9.337,7.737,21.843,8.462,388
7.073,14.634,2.658,9.337,7.737,21.843,349
12.957,7.073,14.634,2.658,9.337,7.737,446
4.2,12.957,7.073,14.634,2.658,9.337,453
14.263,4.2,12.957,7.073,14.634,2.658,441
31.214,14.263,4.2,12.957,7.073,14.634,391
11.437,31.214,14.263,4.2,12.957,7.073,580
1.953,11.437,31.214,14.263,4.2,12.957,354
5.17,1.953,11.437,31.214,14.263,4.2,365
2.496,5.17,1.953,11.437,31.214,14.263,378
12.749,2.496,5.17,1.953,11.437,31.214,420
5.815,12.749,2.496,5.17,1.953,11.437,315
0,5.815,12.749,2.496,5.17,1.953,271
0,0,5.815,12.749,2.496,5.17,237
0,0,0,5.815,12.749,2.496,187
0,0,0,0,5.815,12.749,182
0,0,0,0,0,5.815,171
0,0,0,0,0,0,157
0,0,0,0,0,0,162
0,0,0,0,0,0,149
10.168,0,0,0,0,0,253
0,10.168,0,0,0,0,225
0,0,10.168,0,0,0,178
0,0,0,10.168,0,0,128
0,0,0,0,10.168,0,131
0,0,0,0,0,10.168,121
6.363,0,0,0,0,0,217
0,6.363,0,0,0,0,201
0,0,6.363,0,0,0,197
0,0,0,6.363,0,0,186
7.623,0,0,0,6.363,0,241
2.864,7.623,0,0,0,6.363,198
0,2.864,7.623,0,0,0,212
0,0,2.864,7.623,0,0,177
0,0,0,2.864,7.623,0,162
0,0,0,0,2.864,7.623,155
0,0,0,0,0,2.864,147
0,0,0,0,0,0,144
0,0,0,0,0,0,140
0,0,0,0,0,0,135
0,0,0,0,0,0,130
0,0,0,0,0,0,126
0,0,0,0,0,0,122
0,0,0,0,0,0,119
0,0,0,0,0,0,116
0,0,0,0,0,0,113
0,0,0,0,0,0,111
0,0,0,0,0,0,106
0,0,0,0,0,0,101
0,0,0,0,0,0,97.3
0,0,0,0,0,0,92.5
0,0,0,0,0,0,90.4
0,0,0,0,0,0,86.7
0,0,0,0,0,0,83.5
0,0,0,0,0,0,80.3
0,0,0,0,0,0,77.6
0,0,0,0,0,0,76
0,0,0,0,0,0,73.9
0,0,0,0,0,0,70.7
0,0,0,0,0,0,68
0,0,0,0,0,0,65.3
0,0,0,0,0,0,63.2
0,0,0,0,0,0,61.6
0,0,0,0,0,0,60
0,0,0,0,0,0,58.4
0,0,0,0,0,0,56.8
0,0,0,0,0,0,55.2
0.046,0,0,0,0,0,52.5
0,0.046,0,0,0,0,50.8
0,0,0.046,0,0,0,49.2
0,0,0,0.046,0,0,48
0,0,0,0,0.046,0,46
0,0,0,0,0,0.046,44.8
0,0,0,0,0,0,43.6
0,0,0,0,0,0,42.8
0,0,0,0,0,0,41.2
0,0,0,0,0,0,40
0,0,0,0,0,0,39.7
0,0,0,0,0,0,39
0,0,0,0,0,0,39
0,0,0,0,0,0,38
0,0,0,0,0,0,36.7
0,0,0,0,0,0,36
0,0,0,0,0,0,35
0,0,0,0,0,0,34.3
0,0,0,0,0,0,34
0,0,0,0,0,0,33
0,0,0,0,0,0,31.7
0,0,0,0,0,0,31
0,0,0,0,0,0,30
0,0,0,0,0,0,29.2
0,0,0,0,0,0,28.7
0,0,0,0,0,0,28.1
0,0,0,0,0,0,27.6
0,0,0,0,0,0,27.3
0,0,0,0,0,0,26.3
0,0,0,0,0,0,25.5
0,0,0,0,0,0,24.7
0,0,0,0,0,0,24.4
0,0,0,0,0,0,23.6
0,0,0,0,0,0,22.8
0,0,0,0,0,0,22.5
0,0,0,0,0,0,22
0,0,0,0,0,0,21.4
0,0,0,0,0,0,20.8
0,0,0,0,0,0,20.8
0,0,0,0,0,0,20.2
0,0,0,0,0,0,20.2
0,0,0,0,0,0,20.8
0,0,0,0,0,0,20.2
1.538,0,0,0,0,0,21.4
22.648,1.538,0,0,0,0,143.3
0,22.648,1.538,0,0,0,42.5
0,0,22.648,1.538,0,0,29.7
0,0,0,22.648,1.538,0,26.3
0,0,0,0,22.648,1.538,24.4
0,0,0,0,0,22.648,23.6
0,0,0,0,0,0,22.8
0,0,0,0,0,0,21.6
0,0,0,0,0,0,20.8
0,0,0,0,0,0,20.6
0,0,0,0,0,0,20.2
0,0,0,0,0,0,19.6
0,0,0,0,0,0,19.2
0,0,0,0,0,0,18.8
0,0,0,0,0,0,18.4
0,0,0,0,0,0,17.8
0,0,0,0,0,0,17.8
1.472,0,0,0,0,0,19.8
0,1.472,0,0,0,0,20.2
0,0,1.472,0,0,0,19.2
0,0,0,1.472,0,0,18.6
0,0,0,0,1.472,0,17.8
0,0,0,0,0,1.472,17.2
0,0,0,0,0,0,16.6
0,0,0,0,0,0,16
2.016,0,0,0,0,0,20.2
0,2.016,0,0,0,0,19
0,0,2.016,0,0,0,18.4
0,0,0,2.016,0,0,18.4
0,0,0,0,2.016,0,17.8
0,0,0,0,0,2.016,17.6
0,0,0,0,0,0,17.2
0,0,0,0,0,0,16.8
0,0,0,0,0,0,16.2
0,0,0,0,0,0,16
0,0,0,0,0,0,15.6
0,0,0,0,0,0,15.7
1.104,0,0,0,0,0,16.4
0,1.104,0,0,0,0,16.6
0,0,1.104,0,0,0,15.9
0,0,0,1.104,0,0,15.5
0,0,0,0,1.104,0,15.4
0,0,0,0,0,1.104,15
6.425,0,0,0,0,0,16.7
1.472,6.425,0,0,0,0,23.6
0,1.472,6.425,0,0,0,22.3
0,0,1.472,6.425,0,0,19.4
0,0,0,1.472,6.425,0,18.8
0,0,0,0,1.472,6.425,17.4
0,0,0,0,0,1.472,16.8
0,0,0,0,0,0,16
0,0,0,0,0,0,15.7
0,0,0,0,0,0,15.4
0,0,0,0,0,0,15
0,0,0,0,0,0,14.6
0,0,0,0,0,0,14.2
0,0,0,0,0,0,13.8
0,0,0,0,0,0,13.5
0,0,0,0,0,0,13.5
0,0,0,0,0,0,13.3
0,0,0,0,0,0,12.9
0.184,0,0,0,0,0,12.7
0,0.184,0,0,0,0,12.5
0,0,0.184,0,0,0,13.3
0,0,0,0.184,0,0,13
0,0,0,0,0.184,0,13
0,0,0,0,0,0.184,12.7
0,0,0,0,0,0,12.7
0,0,0,0,0,0,12.7
0,0,0,0,0,0,12.4
0,0,0,0,0,0,12.4
0,0,0,0,0,0,12.1
0,0,0,0,0,0,12
0,0,0,0,0,0,11.7
0,0,0,0,0,0,11.5
0,0,0,0,0,0,11.2
0,0,0,0,0,0,11.1
0,0,0,0,0,0,10.9
0,0,0,0,0,0,10.9
0,0,0,0,0,0,10.6
0,0,0,0,0,0,10.6
0,0,0,0,0,0,10.3
0,0,0,0,0,0,10
0,0,0,0,0,0,10
0,0,0,0,0,0,10
0,0,0,0,0,0,10
0.046,0,0,0,0,0,10
0,0.046,0,0,0,0,9.87
0,0,0.046,0,0,0,9.8
0,0,0,0.046,0,0,9.8
0,0,0,0,0.046,0,9.6
0,0,0,0,0,0.046,9.6
0,0,0,0,0,0,9.53
0,0,0,0,0,0,9.4
0,0,0,0,0,0,9.4
0,0,0,0,0,0,9.27
0,0,0,0,0,0,9.2
0,0,0,0,0,0,9.2
0,0,0,0,0,0,9
0,0,0,0,0,0,9
0,0,0,0,0,0,8.87
0,0,0,0,0,0,8.8
0,0,0,0,0,0,8.8
0,0,0,0,0,0,8.73
0,0,0,0,0,0,8.6
0,0,0,0,0,0,8.6
0,0,0,0,0,0,8.53
0,0,0,0,0,0,8.4
0,0,0,0,0,0,9.27
0,0,0,0,0,0,9.27
0,0,0,0,0,0,8.95
0,0,0,0,0,0,8.72
0,0,0,0,0,0,8.49
0,0,0,0,0,0,8.38
0,0,0,0,0,0,8.32
1.323,0,0,0,0,0,8.43
0,1.323,0,0,0,0,8.49
0,0,1.323,0,0,0,8.66
0,0,0,1.323,0,0,8.6
0,0,0,0,1.323,0,8.55
0,0,0,0,0,1.323,8.72
0,0,0,0,0,0,8.49
0,0,0,0,0,0,8.32
0.138,0,0,0,0,0,8.32
7.734,0.138,0,0,0,0,18.49
1.33,7.734,0.138,0,0,0,8.55
18.659,1.33,7.734,0.138,0,0,41.5
13.807,18.659,1.33,7.734,0.138,0,72.8
30.083,13.807,18.659,1.33,7.734,0.138,112.9
8.941,30.083,13.807,18.659,1.33,7.734,56.8
2.024,8.941,30.083,13.807,18.659,1.33,26.8
1.4,2.024,8.941,30.083,13.807,18.659,21.9
0,1.4,2.024,8.941,30.083,13.807,16.7
0,0,1.4,2.024,8.941,30.083,13.8
0,0,0,1.4,2.024,8.941,12.5
0,0,0,0,1.4,2.024,11.2
0.276,0,0,0,0,1.4,10.6
4.102,0.276,0,0,0,0,13.5
10.371,4.102,0.276,0,0,0,62.5
9.072,10.371,4.102,0.276,0,0,54.5
9.492,9.072,10.371,4.102,0.276,0,55.2
5.156,9.492,9.072,10.371,4.102,0.276,44
7.496,5.156,9.492,9.072,10.371,4.102,32
5.473,7.496,5.156,9.492,9.072,10.371,30
3.232,5.473,7.496,5.156,9.492,9.072,20.7
1.12,3.232,5.473,7.496,5.156,9.492,14.3
1.05,1.12,3.232,5.473,7.496,5.156,12.5
0.966,1.05,1.12,3.232,5.473,7.496,11.9
3.682,0.966,1.05,1.12,3.232,5.473,11.2
0.373,3.682,0.966,1.05,1.12,3.232,15.3
1.932,0.373,3.682,0.966,1.05,1.12,13.5
15.813,1.932,0.373,3.682,0.966,1.05,114.7
1.57,15.813,1.932,0.373,3.682,0.966,50
4.022,1.57,15.813,1.932,0.373,3.682,25.1
0.69,4.022,1.57,15.813,1.932,0.373,17.5
0.046,0.69,4.022,1.57,15.813,1.932,16.1
0,0.046,0.69,4.022,1.57,15.813,13.8
0,0,0.046,0.69,4.022,1.57,13.2
0,0,0,0.046,0.69,4.022,12.3
0,0,0,0,0.046,0.69,11.3
0,0,0,0,0,0.046,10
0,0,0,0,0,0,9.4
1.953,0,0,0,0,0,8.83
3.526,1.953,0,0,0,0,13.6
0,3.526,1.953,0,0,0,14.3
29.586,0,3.526,1.953,0,0,117.1
50.923,29.586,0,3.526,1.953,0,341.8
3.586,50.923,29.586,0,3.526,1.953,163.1
26.228,3.586,50.923,29.586,0,3.526,220.8
0.784,26.228,3.586,50.923,29.586,0,137.6
0.762,0.784,26.228,3.586,50.923,29.586,117.6
28.448,0.762,0.784,26.228,3.586,50.923,226.6
6.175,28.448,0.762,0.784,26.228,3.586,140.5
2.94,6.175,28.448,0.762,0.784,26.228,126.1
7.766,2.94,6.175,28.448,0.762,0.784,221.6
10.886,7.766,2.94,6.175,28.448,0.762,262.8
3.912,10.886,7.766,2.94,6.175,28.448,334.1
4.396,3.912,10.886,7.766,2.94,6.175,227.3
10.344,4.396,3.912,10.886,7.766,2.94,367.3
41.589,10.344,4.396,3.912,10.886,7.766,586
34.284,41.589,10.344,4.396,3.912,10.886,717
18.296,34.284,41.589,10.344,4.396,3.912,705
9.639,18.296,34.284,41.589,10.344,4.396,355
29.35,9.639,18.296,34.284,41.589,10.344,502
0.476,29.35,9.639,18.296,34.284,41.589,279
2.708,0.476,29.35,9.639,18.296,34.284,146
11.862,2.708,0.476,29.35,9.639,18.296,213
0.046,11.862,2.708,0.476,29.35,9.639,117
0,0.046,11.862,2.708,0.476,29.35,87.1
0.922,0,0.046,11.862,2.708,0.476,74.5
0.126,0.922,0,0.046,11.862,2.708,72.1
0,0.126,0.922,0,0.046,11.862,68.5
9.513,0,0.126,0.922,0,0.046,53.7
9.809,9.513,0,0.126,0.922,0,126
0.644,9.809,9.513,0,0.126,0.922,182
12.805,0.644,9.809,9.513,0,0.126,198
19.118,12.805,0.644,9.809,9.513,0,339
39.017,19.118,12.805,0.644,9.809,9.513,778
19.148,39.017,19.118,12.805,0.644,9.809,391
13.139,19.148,39.017,19.118,12.805,0.644,315
13.481,13.139,19.148,39.017,19.118,12.805,272
3.214,13.481,13.139,19.148,39.017,19.118,243
12.6,3.214,13.481,13.139,19.148,39.017,352
1.348,12.6,3.214,13.481,13.139,19.148,189
18.119,1.348,12.6,3.214,13.481,13.139,284
11.6,18.119,1.348,12.6,3.214,13.481,270
2.128,11.6,18.119,1.348,12.6,3.214,231
14.152,2.128,11.6,18.119,1.348,12.6,399
13.527,14.152,2.128,11.6,18.119,1.348,431
24.329,13.527,14.152,2.128,11.6,18.119,569
13.094,24.329,13.527,14.152,2.128,11.6,447
11.265,13.094,24.329,13.527,14.152,2.128,414
11.149,11.265,13.094,24.329,13.527,14.152,336
4,11.149,11.265,13.094,24.329,13.527,231
1.222,4,11.149,11.265,13.094,24.329,183
9.933,1.222,4,11.149,11.265,13.094,157
0,9.933,1.222,4,11.149,11.265,136
23.772,0,9.933,1.222,4,11.149,172
38.757,23.772,0,9.933,1.222,4,354
9.508,38.757,23.772,0,9.933,1.222,644
5.85,9.508,38.757,23.772,0,9.933,298
1.146,5.85,9.508,38.757,23.772,0,216
11.637,1.146,5.85,9.508,38.757,23.772,249
10.206,11.637,1.146,5.85,9.508,38.757,290
12.374,10.206,11.637,1.146,5.85,9.508,271
17.397,12.374,10.206,11.637,1.146,5.85,516
12.311,17.397,12.374,10.206,11.637,1.146,300
1.456,12.311,17.397,12.374,10.206,11.637,252
0.63,1.456,12.311,17.397,12.374,10.206,230
1.4,0.63,1.456,12.311,17.397,12.374,224
1.323,1.4,0.63,1.456,12.311,17.397,197
1.441,1.323,1.4,0.63,1.456,12.311,215
5.828,1.441,1.323,1.4,0.63,1.456,176
9.279,5.828,1.441,1.323,1.4,0.63,198
0.784,9.279,5.828,1.441,1.323,1.4,180
30.848,0.784,9.279,5.828,1.441,1.323,487
20.943,30.848,0.784,9.279,5.828,1.441,606
14.704,20.943,30.848,0.784,9.279,5.828,509
13.11,14.704,20.943,30.848,0.784,9.279,419
14.117,13.11,14.704,20.943,30.848,0.784,455
13.549,14.117,13.11,14.704,20.943,30.848,324
2.264,13.549,14.117,13.11,14.704,20.943,385
31.703,2.264,13.549,14.117,13.11,14.704,388
11.489,31.703,2.264,13.549,14.117,13.11,757
6.862,11.489,31.703,2.264,13.549,14.117,616
17.897,6.862,11.489,31.703,2.264,13.549,522
4.226,17.897,6.862,11.489,31.703,2.264,531
6.848,4.226,17.897,6.862,11.489,31.703,375
0.322,6.848,4.226,17.897,6.862,11.489,254
3.726,0.322,6.848,4.226,17.897,6.862,245
0.875,3.726,0.322,6.848,4.226,17.897,208
13.989,0.875,3.726,0.322,6.848,4.226,215
1.829,13.989,0.875,3.726,0.322,6.848,279
24.31,1.829,13.989,0.875,3.726,0.322,194
0.56,24.31,1.829,13.989,0.875,3.726,457
18.291,0.56,24.31,1.829,13.989,0.875,286
1.092,18.291,0.56,24.31,1.829,13.989,373
1.668,1.092,18.291,0.56,24.31,1.829,254
6.388,1.668,1.092,18.291,0.56,24.31,231
1.953,6.388,1.668,1.092,18.291,0.56,261
31.863,1.953,6.388,1.668,1.092,18.291,397
28.575,31.863,1.953,6.388,1.668,1.092,455
22.563,28.575,31.863,1.953,6.388,1.668,562
1.857,22.563,28.575,31.863,1.953,6.388,683
0.278,1.857,22.563,28.575,31.863,1.953,281
18.504,0.278,1.857,22.563,28.575,31.863,301
7.623,18.504,0.278,1.857,22.563,28.575,268
0,7.623,18.504,0.278,1.857,22.563,203
0,0,7.623,18.504,0.278,1.857,185
0,0,0,7.623,18.504,0.278,157
0,0,0,0,7.623,18.504,138
0,0,0,0,0,7.623,122
0,0,0,0,0,0,112
8.924,0,0,0,0,0,105
0,8.924,0,0,0,0,97.3
0,0,8.924,0,0,0,197
31.563,0,0,8.924,0,0,167
27.023,31.563,0,0,8.924,0,402
20.795,27.023,31.563,0,0,8.924,494
13.309,20.795,27.023,31.563,0,0,193
0.763,13.309,20.795,27.023,31.563,0,142
1.323,0.763,13.309,20.795,27.023,31.563,122
28.413,1.323,0.763,13.309,20.795,27.023,213
11.592,28.413,1.323,0.763,13.309,20.795,407
9.513,11.592,28.413,1.323,0.763,13.309,271
0.69,9.513,11.592,28.413,1.323,0.763,155
0,0.69,9.513,11.592,28.413,1.323,87.2
0,0,0.69,9.513,11.592,28.413,82.4
0,0,0,0.69,9.513,11.592,75.8
0,0,0,0,0.69,9.513,73.6
1.323,0,0,0,0,0.69,69.6
16.068,1.323,0,0,0,0,81.6
17.245,16.068,1.323,0,0,0,215
20.663,17.245,16.068,1.323,0,0,266
32.823,20.663,17.245,16.068,1.323,0,426
42.876,32.823,20.663,17.245,16.068,1.323,663
0,42.876,32.823,20.663,17.245,16.068,879
2.45,0,42.876,32.823,20.663,17.245,289
1.296,2.45,0,42.876,32.823,20.663,191
0,1.296,2.45,0,42.876,32.823,136
0,0,1.296,2.45,0,42.876,121
0,0,0,1.296,2.45,0,111
0,0,0,0,1.296,2.45,107
0,0,0,0,0,1.296,92.7
5.229,0,0,0,0,0,87.6
0,5.229,0,0,0,0,108.5
0,0,5.229,0,0,0,77.6
0,0,0,5.229,0,0,73.2
0,0,0,0,5.229,0,68.8
0,0,0,0,0,5.229,64.8
0,0,0,0,0,0,60.4
0,0,0,0,0,0,57.1
0,0,0,0,0,0,54.7
0,0,0,0,0,0,53.3
0,0,0,0,0,0,51
0,0,0,0,0,0,50
0,0,0,0,0,0,48
0,0,0,0,0,0,47
0,0,0,0,0,0,46
0,0,0,0,0,0,45.3
1.386,0,0,0,0,0,44.6
0,1.386,0,0,0,0,53.3
0,0,1.386,0,0,0,44.8
0,0,0,1.386,0,0,43
0,0,0,0,1.386,0,41.8
0,0,0,0,0,1.386,40.9
0,0,0,0,0,0,39.5
0,0,0,0,0,0,38.3
0,0,0,0,0,0,37.6
0,0,0,0,0,0,36.9
0,0,0,0,0,0,36.2
0,0,0,0,0,0,35.5
0,0,0,0,0,0,34.8
1.104,0,0,0,0,0,34.8
5.94,1.104,0,0,0,0,38.8
0,5.94,1.104,0,0,0,36.2
0,0,5.94,1.104,0,0,34.1
0,0,0,5.94,1.104,0,33.4
0,0,0,0,5.94,1.104,32.7
0,0,0,0,0,5.94,32
0,0,0,0,0,0,30.6
0.756,0,0,0,0,0,29.9
2.849,0.756,0,0,0,0,29.9
0.923,2.849,0.756,0,0,0,29.9
0.14,0.923,2.849,0.756,0,0,32.7
0,0.14,0.923,2.849,0.756,0,30.4
0,0,0.14,0.923,2.849,0.756,29
0,0,0,0.14,0.923,2.849,27.8
0,0,0,0,0.14,0.923,27.1
0,0,0,0,0,0.14,26.4
0,0,0,0,0,0,25.7
0,0,0,0,0,0,25
0,0,0,0,0,0,25
0,0,0,0,0,0,24.6
0,0,0,0,0,0,24.1
0,0,0,0,0,0,23.7
0,0,0,0,0,0,23.7
0,0,0,0,0,0,23.2
0,0,0,0,0,0,22.8
0,0,0,0,0,0,22.6
0,0,0,0,0,0,22.3
0,0,0,0,0,0,21.8
0,0,0,0,0,0,21.8
0,0,0,0,0,0,21.4
0,0,0,0,0,0,21.4
0,0,0,0,0,0,20.9
0,0,0,0,0,0,20.5
0,0,0,0,0,0,20.5
0,0,0,0,0,0,20.1
0,0,0,0,0,0,20.1
0,0,0,0,0,0,19.8
0,0,0,0,0,0,20.1
0,0,0,0,0,0,20.1
0,0,0,0,0,0,19.7
0,0,0,0,0,0,19.3
0,0,0,0,0,0,19.3
0,0,0,0,0,0,19.3
0,0,0,0,0,0,18.9
4.746,0,0,0,0,0,19.8
4.901,4.746,0,0,0,0,22
1.078,4.901,4.746,0,0,0,21.7
0,1.078,4.901,4.746,0,0,20.6
0.07,0,1.078,4.901,4.746,0,20.1
0,0.07,0,1.078,4.901,4.746,19.7
0,0,0.07,0,1.078,4.901,19.3
0,0,0,0.07,0,1.078,18.9
0,0,0,0,0.07,0,18.6
0,0,0,0,0,0.07,18.5
0,0,0,0,0,0,18.4
0,0,0,0,0,0,18.1
0,0,0,0,0,0,18
0,0,0,0,0,0,17.7
0,0,0,0,0,0,17.3
0,0,0,0,0,0,17.3
0,0,0,0,0,0,17
0,0,0,0,0,0,16.9
0,0,0,0,0,0,16.9
0,0,0,0,0,0,16.6
0,0,0,0,0,0,16.5
0,0,0,0,0,0,16.5
0,0,0,0,0,0,16.2
0.7,0,0,0,0,0,16.1
0,0.7,0,0,0,0,15.9
1.283,0,0.7,0,0,0,15.8
0,1.283,0,0.7,0,0,15.6
0,0,1.283,0,0.7,0,15.4
0,0,0,1.283,0,0.7,15.3
0,0,0,0,1.283,0,15.3
0,0,0,0,0,1.283,15
0,0,0,0,0,0,15
0,0,0,0,0,0,14.7
0,0,0,0,0,0,14.7
0,0,0,0,0,0,14.7
0,0,0,0,0,0,14.7
0,0,0,0,0,0,14.7
0,0,0,0,0,0,14.7
0,0,0,0,0,0,14.7
0.756,0,0,0,0,0,14.7
0,0.756,0,0,0,0,15.6
0.572,0,0.756,0,0,0,18.5
3.402,0.572,0,0.756,0,0,15.4
3.358,3.402,0.572,0,0.756,0,16.4
1.96,3.358,3.402,0.572,0,0.756,16.8
0,1.96,3.358,3.402,0.572,0,15.9
0,0,1.96,3.358,3.402,0.572,15.6
0.84,0,0,1.96,3.358,3.402,15.2
0,0.84,0,0,1.96,3.358,15.1
0,0,0.84,0,0,1.96,14.7
0,0,0,0.84,0,0,14.7
6.363,0,0,0,0.84,0,14.7
0.023,6.363,0,0,0,0.84,14.5
0.47,0.023,6.363,0,0,0,15.7
0,0.47,0.023,6.363,0,0,15.8
0,0,0.47,0.023,6.363,0,15.2
0,0,0,0.47,0.023,6.363,14.6
0,0,0,0,0.47,0.023,14.2
0,0,0,0,0,0.47,13.8
0,0,0,0,0,0,13.5
0,0,0,0,0,0,13.5
0,0,0,0,0,0,13.2
0,0,0,0,0,0,13.2
0,0,0,0,0,0,13.2
0,0,0,0,0,0,13
0,0,0,0,0,0,12.7
0,0,0,0,0,0,12.7
0.552,0,0,0,0,0,12.5
0,0.552,0,0,0,0,12.5
0,0,0.552,0,0,0,12.4
0,0,0,0.552,0,0,12.2
0.434,0,0,0,0.552,0,12.2
0.434,0.434,0,0,0,0.552,12.1
0,0.434,0.434,0,0,0,12
1.96,0,0.434,0.434,0,0,12
0,1.96,0,0.434,0.434,0,12.2
1.604,0,1.96,0,0.434,0.434,12.4
7.311,1.604,0,1.96,0,0.434,12.7
16.885,7.311,1.604,0,1.96,0,43.5
5.014,16.885,7.311,1.604,0,1.96,30.4
0,5.014,16.885,7.311,1.604,0,21.2
0,0,5.014,16.885,7.311,1.604,17.3
0,0,0,5.014,16.885,7.311,15.8
0.378,0,0,0,5.014,16.885,15.3
0,0.378,0,0,0,5.014,14.6
0,0,0.378,0,0,0,13.8
0,0,0,0.378,0,0,13.6
0,0,0,0,0.378,0,13.2
0,0,0,0,0,0.378,13
0,0,0,0,0,0,12.8
0,0,0,0,0,0,12.4
0,0,0,0,0,0,12.2
0.207,0,0,0,0,0,12.2
0,0.207,0,0,0,0,12.2
1.323,0,0.207,0,0,0,12
1.104,1.323,0,0.207,0,0,15.3
3.484,1.104,1.323,0,0.207,0,20.7
1.551,3.484,1.104,1.323,0,0.207,25.6
0,1.551,3.484,1.104,1.323,0,19.7
0.214,0,1.551,3.484,1.104,1.323,16.8
0,0.214,0,1.551,3.484,1.104,16
0,0,0.214,0,1.551,3.484,15.3
0.368,0,0,0.214,0,1.551,14.8
0,0.368,0,0,0.214,0,14.1
0.736,0,0.368,0,0,0.214,14.1
0.728,0.736,0,0.368,0,0,14.3
5.336,0.728,0.736,0,0.368,0,31.2
9.58,5.336,0.728,0.736,0,0.368,24.7
2.1,9.58,5.336,0.728,0.736,0,50
7.882,2.1,9.58,5.336,0.728,0.736,57.1
11.998,7.882,2.1,9.58,5.336,0.728,82.5
0,11.998,7.882,2.1,9.58,5.336,72.9
16.788,0,11.998,7.882,2.1,9.58,139.2
0,16.788,0,11.998,7.882,2.1,22.9
0.23,0,16.788,0,11.998,7.882,18.9
0,0.23,0,16.788,0,11.998,17.4
2.72,0,0.23,0,16.788,0,27.4
1.909,2.72,0,0.23,0,16.788,24.2
0.046,1.909,2.72,0,0.23,0,25.7
0,0.046,1.909,2.72,0,0.23,19.3
4.646,0,0.046,1.909,2.72,0,17.6
0,4.646,0,0.046,1.909,2.72,21.1
0,0,4.646,0,0.046,1.909,17.6
26.351,0,0,4.646,0,0.046,224.5
6.066,26.351,0,0,4.646,0,79.6
1.081,6.066,26.351,0,0,4.646,23.7
0,1.081,6.066,26.351,0,0,18
15.601,0,1.081,6.066,26.351,0,120.5
13.431,15.601,0,1.081,6.066,26.351,119.8
11.78,13.431,15.601,0,1.081,6.066,95.6
1.456,11.78,13.431,15.601,0,1.081,31.3
3.487,1.456,11.78,13.431,15.601,0,27.1
0,3.487,1.456,11.78,13.431,15.601,23.7
0.946,0,3.487,1.456,11.78,13.431,20.2
2.402,0.946,0,3.487,1.456,11.78,18.8
0,2.402,0.946,0,3.487,1.456,17.3
0,0,2.402,0.946,0,3.487,16.1
13.956,0,0,2.402,0.946,0,25.6
20.099,13.956,0,0,2.402,0.946,128.9
0.14,20.099,13.956,0,0,2.402,158.1
0.392,0.14,20.099,13.956,0,0,47.4
2.142,0.392,0.14,20.099,13.956,0,40.1
6.3,2.142,0.392,0.14,20.099,13.956,40.2
2.944,6.3,2.142,0.392,0.14,20.099,70.9
2.473,2.944,6.3,2.142,0.392,0.14,54.1
13.132,2.473,2.944,6.3,2.142,0.392,55.3
11.592,13.132,2.473,2.944,6.3,2.142,70.7
4.48,11.592,13.132,2.473,2.944,6.3,52.4
3.634,4.48,11.592,13.132,2.473,2.944,40.2
15.08,3.634,4.48,11.592,13.132,2.473,174.3
12.386,15.08,3.634,4.48,11.592,13.132,161.5
23.795,12.386,15.08,3.634,4.48,11.592,255.3
6.428,23.795,12.386,15.08,3.634,4.48,158.6
5.608,6.428,23.795,12.386,15.08,3.634,145.3
1.405,5.608,6.428,23.795,12.386,15.08,57.1
2.554,1.405,5.608,6.428,23.795,12.386,54.8
3.006,2.554,1.405,5.608,6.428,23.795,63
0.184,3.006,2.554,1.405,5.608,6.428,53.7
0.46,0.184,3.006,2.554,1.405,5.608,42
0.092,0.46,0.184,3.006,2.554,1.405,40.2
35.343,0.092,0.46,0.184,3.006,2.554,369
28.363,35.343,0.092,0.46,0.184,3.006,275.1
23.282,28.363,35.343,0.092,0.46,0.184,263.7
3.946,23.282,28.363,35.343,0.092,0.46,197.7
1.428,3.946,23.282,28.363,35.343,0.092,106.9
0.56,1.428,3.946,23.282,28.363,35.343,89.9
3.073,0.56,1.428,3.946,23.282,28.363,103.7
16.626,3.073,0.56,1.428,3.946,23.282,109.3
9.179,16.626,3.073,0.56,1.428,3.946,180.5
6.116,9.179,16.626,3.073,0.56,1.428,219
5.35,6.116,9.179,16.626,3.073,0.56,152
14.931,5.35,6.116,9.179,16.626,3.073,117
1.003,14.931,5.35,6.116,9.179,16.626,192
13.468,1.003,14.931,5.35,6.116,9.179,182.4
11.403,13.468,1.003,14.931,5.35,6.116,195.9
17.071,11.403,13.468,1.003,14.931,5.35,274
7.361,17.071,11.403,13.468,1.003,14.931,253
13.395,7.361,17.071,11.403,13.468,1.003,351
17.893,13.395,7.361,17.071,11.403,13.468,411
7.074,17.893,13.395,7.361,17.071,11.403,261
11.746,7.074,17.893,13.395,7.361,17.071,188
1.932,11.746,7.074,17.893,13.395,7.361,223
1.449,1.932,11.746,7.074,17.893,13.395,179
6.72,1.449,1.932,11.746,7.074,17.893,149
6.937,6.72,1.449,1.932,11.746,7.074,169
11.556,6.937,6.72,1.449,1.932,11.746,184
3.108,11.556,6.937,6.72,1.449,1.932,239.3
26.736,3.108,11.556,6.937,6.72,1.449,386
15.715,26.736,3.108,11.556,6.937,6.72,340
0.074,15.715,26.736,3.108,11.556,6.937,156
11.38,0.074,15.715,26.736,3.108,11.556,262
19.48,11.38,0.074,15.715,26.736,3.108,265
23.02,19.48,11.38,0.074,15.715,26.736,361
64.924,23.02,19.48,11.38,0.074,15.715,652
364.59,64.924,23.02,19.48,11.38,0.074,2610
75.447,364.59,64.924,23.02,19.48,11.38,5030
26.248,75.447,364.59,64.924,23.02,19.48,4080
12.149,26.248,75.447,364.59,64.924,23.02,1010
16.345,12.149,26.248,75.447,364.59,64.924,545
11.656,16.345,12.149,26.248,75.447,364.59,535
4.658,11.656,16.345,12.149,26.248,75.447,479
3.213,4.658,11.656,16.345,12.149,26.248,460
8.759,3.213,4.658,11.656,16.345,12.149,478
18.625,8.759,3.213,4.658,11.656,16.345,538
0.652,18.625,8.759,3.213,4.658,11.656,444
28.866,0.652,18.625,8.759,3.213,4.658,640
27.974,28.866,0.652,18.625,8.759,3.213,682
1.272,27.974,28.866,0.652,18.625,8.759,466
10.861,1.272,27.974,28.866,0.652,18.625,490
6.409,10.861,1.272,27.974,28.866,0.652,514
15.03,6.409,10.861,1.272,27.974,28.866,570
17.944,15.03,6.409,10.861,1.272,27.974,559
28.256,17.944,15.03,6.409,10.861,1.272,652
39.427,28.256,17.944,15.03,6.409,10.861,695
129.16,39.427,28.256,17.944,15.03,6.409,2470
17.678,129.16,39.427,28.256,17.944,15.03,3100
34.641,17.678,129.16,39.427,28.256,17.944,1560
5.888,34.641,17.678,129.16,39.427,28.256,667
26.6,5.888,34.641,17.678,129.16,39.427,439
97.719,26.6,5.888,34.641,17.678,129.16,673
27.299,97.719,26.6,5.888,34.641,17.678,2260
4.039,27.299,97.719,26.6,5.888,34.641,525
2.236,4.039,27.299,97.719,26.6,5.888,504
6.226,2.236,4.039,27.299,97.719,26.6,422
1.966,6.226,2.236,4.039,27.299,97.719,450
0.49,1.966,6.226,2.236,4.039,27.299,416
13.856,0.49,1.966,6.226,2.236,4.039,434
2.824,13.856,0.49,1.966,6.226,2.236,553
0.046,2.824,13.856,0.49,1.966,6.226,454
55.086,0.046,2.824,13.856,0.49,1.966,529
22.736,55.086,0.046,2.824,13.856,0.49,1030
15.726,22.736,55.086,0.046,2.824,13.856,654
14.613,15.726,22.736,55.086,0.046,2.824,575
0.336,14.613,15.726,22.736,55.086,0.046,594
46.977,0.336,14.613,15.726,22.736,55.086,473
2.17,46.977,0.336,14.613,15.726,22.736,792
0.812,2.17,46.977,0.336,14.613,15.726,459
11.627,0.812,2.17,46.977,0.336,14.613,547
17.47,11.627,0.812,2.17,46.977,0.336,591
24.28,17.47,11.627,0.812,2.17,46.977,609
3.048,24.28,17.47,11.627,0.812,2.17,706
7.757,3.048,24.28,17.47,11.627,0.812,331
14.238,7.757,3.048,24.28,17.47,11.627,418
4.667,14.238,7.757,3.048,24.28,17.47,534
1.166,4.667,14.238,7.757,3.048,24.28,335
7.255,1.166,4.667,14.238,7.757,3.048,361
0,7.255,1.166,4.667,14.238,7.757,321
6.426,0,7.255,1.166,4.667,14.238,352
8.81,6.426,0,7.255,1.166,4.667,394
0.21,8.81,6.426,0,7.255,1.166,349
7.308,0.21,8.81,6.426,0,7.255,406
2.762,7.308,0.21,8.81,6.426,0,313
1.886,2.762,7.308,0.21,8.81,6.426,288
0.392,1.886,2.762,7.308,0.21,8.81,267
0,0.392,1.886,2.762,7.308,0.21,230
0,0,0.392,1.886,2.762,7.308,231
0,0,0,0.392,1.886,2.762,198
2.25,0,0,0,0.392,1.886,206
37.924,2.25,0,0,0,0.392,318
27.074,37.924,2.25,0,0,0,490
11.652,27.074,37.924,2.25,0,0,466
12.019,11.652,27.074,37.924,2.25,0,488
12.357,12.019,11.652,27.074,37.924,2.25,417
0.115,12.357,12.019,11.652,27.074,37.924,375
0.77,0.115,12.357,12.019,11.652,27.074,340
0,0.77,0.115,12.357,12.019,11.652,286
0,0,0.77,0.115,12.357,12.019,244
0.028,0,0,0.77,0.115,12.357,217
0,0.028,0,0,0.77,0.115,201
1.036,0,0.028,0,0,0.77,206
1.863,1.036,0,0.028,0,0,209
4.348,1.863,1.036,0,0.028,0,236
2.899,4.348,1.863,1.036,0,0.028,216
0,2.899,4.348,1.863,1.036,0,179
0,0,2.899,4.348,1.863,1.036,160
0,0,0,2.899,4.348,1.863,153
0,0,0,0,2.899,4.348,140
0,0,0,0,0,2.899,121
32.823,0,0,0,0,0,215
0,32.823,0,0,0,0,194
0,0,32.823,0,0,0,189
0,0,0,32.823,0,0,176
0,0,0,0,32.823,0,169
0,0,0,0,0,32.823,164
0,0,0,0,0,0,159
0,0,0,0,0,0,153
0,0,0,0,0,0,147
0,0,0,0,0,0,140
0,0,0,0,0,0,135
0,0,0,0,0,0,131
0,0,0,0,0,0,127
0,0,0,0,0,0,123
0,0,0,0,0,0,117
0,0,0,0,0,0,113
0,0,0,0,0,0,109
0,0,0,0,0,0,106
0,0,0,0,0,0,105
0,0,0,0,0,0,98.7
0,0,0,0,0,0,94
0,0,0,0,0,0,90.7
0.046,0,0,0,0,0,94.7
3.339,0.046,0,0,0,0,88
1.19,3.339,0.046,0,0,0,101
0.368,1.19,3.339,0.046,0,0,89.6
0,0.368,1.19,3.339,0.046,0,94.7
0,0,0.368,1.19,3.339,0.046,89.2
0,0,0,0.368,1.19,3.339,86.8
0,0,0,0,0.368,1.19,84.4
0,0,0,0,0,0.368,82
0,0,0,0,0,0,80.4
0,0,0,0,0,0,80.8
0,0,0,0,0,0,79.6
0,0,0,0,0,0,77.6
0,0,0,0,0,0,75.1
0,0,0,0,0,0,73.2
0,0,0,0,0,0,71
0,0,0,0,0,0,69.6
0,0,0,0,0,0,68.1
0,0,0,0,0,0,66.6
0,0,0,0,0,0,64.8
0,0,0,0,0,0,63.7
0,0,0,0,0,0,62.6
0,0,0,0,0,0,61.5
0,0,0,0,0,0,60
0,0,0,0,0,0,57.5
0,0,0,0,0,0,56
0,0,0,0,0,0,55
0,0,0,0,0,0,54
0,0,0,0,0,0,53
0,0,0,0,0,0,51.7
0,0,0,0,0,0,50
0,0,0,0,0,0,49
0,0,0,0,0,0,49
0,0,0,0,0,0,48
0,0,0,0,0,0,47
0,0,0,0,0,0,46.7
0,0,0,0,0,0,45.8
0,0,0,0,0,0,46
0,0,0,0,0,0,44.8
0,0,0,0,0,0,46.8
0,0,0,0,0,0,44.4
0,0,0,0,0,0,43
0,0,0,0,0,0,42.3
0,0,0,0,0,0,41.3
0,0,0,0,0,0,40.4
0,0,0,0,0,0,39.7
0,0,0,0,0,0,39
0,0,0,0,0,0,38.3
0,0,0,0,0,0,37.6
0,0,0,0,0,0,36.9
0,0,0,0,0,0,36.9
0,0,0,0,0,0,36.2
0,0,0,0,0,0,35.5
0,0,0,0,0,0,34.8
0,0,0,0,0,0,34.1
0,0,0,0,0,0,34.1
0,0,0,0,0,0,33.2
0,0,0,0,0,0,32
0,0,0,0,0,0,31.3
0,0,0,0,0,0,30.6
0,0,0,0,0,0,29.9
0,0,0,0,0,0,29.2
0,0,0,0,0,0,29.2
0,0,0,0,0,0,28.7
0,0,0,0,0,0,28.5
0,0,0,0,0,0,27.8
0,0,0,0,0,0,27.1
0,0,0,0,0,0,26.4
0,0,0,0,0,0,26.4
0,0,0,0,0,0,26.4
0.819,0,0,0,0,0,27.3
0.21,0.819,0,0,0,0,27.8
0,0.21,0.819,0,0,0,26.6
22.113,0,0.21,0.819,0,0,37.1
21.457,22.113,0,0.21,0.819,0,153.9
6.072,21.457,22.113,0,0.21,0.819,162.6
0,6.072,21.457,22.113,0,0.21,41.3
0,0,6.072,21.457,22.113,0,35
0,0,0,6.072,21.457,22.113,32.5
0,0,0,0,6.072,21.457,30.6
0,0,0,0,0,6.072,28.5
0,0,0,0,0,0,27.1
0,0,0,0,0,0,25.3
0,0,0,0,0,0,24.6
0,0,0,0,0,0,23.7
0,0,0,0,0,0,23.2
0,0,0,0,0,0,22.8
0,0,0,0,0,0,22.3
0.107,0,0,0,0,0,22.3
0,0.107,0,0,0,0,21.8
1.323,0,0.107,0,0,0,21.7
0.046,1.323,0,0.107,0,0,23.4
0,0.046,1.323,0,0.107,0,22
0,0,0.046,1.323,0,0.107,21.4
0,0,0,0.046,1.323,0,20.9
0,0,0,0,0.046,1.323,20.5
0,0,0,0,0,0.046,20.1
10.269,0,0,0,0,0,20.4
5.514,10.269,0,0,0,0,37.6
0,5.514,10.269,0,0,0,37.6
0,0,5.514,10.269,0,0,27.8
0,0,0,5.514,10.269,0,24
0,0,0,0,5.514,10.269,22.8
0,0,0,0,0,5.514,21.8
0,0,0,0,0,0,20.5
0,0,0,0,0,0,20.1
0,0,0,0,0,0,19.7
0,0,0,0,0,0,19.3
0,0,0,0,0,0,18.9
0,0,0,0,0,0,18.1
0,0,0,0,0,0,17.3
2.996,0,0,0,0,0,17.6
0,2.996,0,0,0,0,17.7
0,0,2.996,0,0,0,17.3
0,0,0,2.996,0,0,16.9
0,0,0,0,2.996,0,16.9
0,0,0,0,0,2.996,16.5
0.092,0,0,0,0,0,16.2
0,0.092,0,0,0,0,15.9
0,0,0.092,0,0,0,15.9
0,0,0,0.092,0,0,15.6
0,0,0,0,0.092,0,15.2
0,0,0,0,0,0.092,14.6
0,0,0,0,0,0,14.1
0,0,0,0,0,0,13.6
0,0,0,0,0,0,13.5
0,0,0,0,0,0,13.2
0,0,0,0,0,0,13
0,0,0,0,0,0,12.7
0,0,0,0,0,0,12.5
0,0,0,0,0,0,12.5
0.782,0,0,0,0,0,12.2
0,0.782,0,0,0,0,12.2
0,0,0.782,0,0,0,12
0,0,0,0.782,0,0,12
0,0,0,0,0.782,0,12
2.646,0,0,0,0,0.782,12
0,2.646,0,0,0,0,12
1.652,0,2.646,0,0,0,19.9
0,1.652,0,2.646,0,0,13.2
0,0,1.652,0,2.646,0,12.4
0,0,0,1.652,0,2.646,11.8
0,0,0,0,1.652,0,11.5
4.618,0,0,0,0,1.652,12
5.802,4.618,0,0,0,0,12.4
0,5.802,4.618,0,0,0,21.7
1.464,0,5.802,4.618,0,0,14.2
0.115,1.464,0,5.802,4.618,0,13.8
0.069,0.115,1.464,0,5.802,4.618,13.3
0.023,0.069,0.115,1.464,0,5.802,12.9
0,0.023,0.069,0.115,1.464,0,12.2
0,0,0.023,0.069,0.115,1.464,12.2
0,0,0,0.023,0.069,0.115,15.8
0,0,0,0,0.023,0.069,13.1
1.702,0,0,0,0,0.023,13.2
0,1.702,0,0,0,0,12.5
0,0,1.702,0,0,0,12
0,0,0,1.702,0,0,11.5
0,0,0,0,1.702,0,11.2
0,0,0,0,0,1.702,11
0,0,0,0,0,0,10.3
0,0,0,0,0,0,10.6
0,0,0,0,0,0,10.3
0,0,0,0,0,0,10
0,0,0,0,0,0,10
0.746,0,0,0,0,0,9.8
0,0.746,0,0,0,0,9.8
0,0,0.746,0,0,0,9.6
0,0,0,0.746,0,0,9.6
1.449,0,0,0,0.746,0,9.93
0,1.449,0,0,0,0.746,11.5
0,0,1.449,0,0,0,11.8
0,0,0,1.449,0,0,10.2
0,0,0,0,1.449,0,10
0,0,0,0,0,1.449,9.8
8.113,0,0,0,0,0,9.8
0,8.113,0,0,0,0,10.8
9.576,0,8.113,0,0,0,10.3
1.566,9.576,0,8.113,0,0,11.4
1.148,1.566,9.576,0,8.113,0,10.7
3.339,1.148,1.566,9.576,0,8.113,10.5
0,3.339,1.148,1.566,9.576,0,10.6
0,0,3.339,1.148,1.566,9.576,10.7
0,0,0,3.339,1.148,1.566,10.3
0,0,0,0,3.339,1.148,9.73
1.771,0,0,0,0,3.339,9.4
0,1.771,0,0,0,0,9.87
8.194,0,1.771,0,0,0,12.3
1.12,8.194,0,1.771,0,0,12.2
0.046,1.12,8.194,0,1.771,0,14.1
0,0.046,1.12,8.194,0,1.771,11.8
0,0,0.046,1.12,8.194,0,10.7
0,0,0,0.046,1.12,8.194,10.4
0,0,0,0,0.046,1.12,10.2
29.191,0,0,0,0,0.046,29.8
4.232,29.191,0,0,0,0,123.6
0.069,4.232,29.191,0,0,0,17
0.816,0.069,4.232,29.191,0,0,19
0.77,0.816,0.069,4.232,29.191,0,16.5
0,0.77,0.816,0.069,4.232,29.191,13.4
0.23,0,0.77,0.816,0.069,4.232,13.9
0,0.23,0,0.77,0.816,0.069,12.8
2.714,0,0.23,0,0.77,0.816,14.1
9.396,2.714,0,0.23,0,0.77,26.8
0,9.396,2.714,0,0.23,0,48.4
0,0,9.396,2.714,0,0.23,39.5
0,0,0,9.396,2.714,0,35.7
4.172,0,0,0,9.396,2.714,32.9
6.394,4.172,0,0,0,9.396,47.2
2.608,6.394,4.172,0,0,0,34.1
10.664,2.608,6.394,4.172,0,0,73.7
0.96,10.664,2.608,6.394,4.172,0,24.5
1.098,0.96,10.664,2.608,6.394,4.172,22.6
0,1.098,0.96,10.664,2.608,6.394,23.1
0.598,0,1.098,0.96,10.664,2.608,23.8
0,0.598,0,1.098,0.96,10.664,20.4
0,0,0.598,0,1.098,0.96,21.8
0,0,0,0.598,0,1.098,24.6
0,0,0,0,0.598,0,23.6
51.74,0,0,0,0,0.598,168.8
22.68,51.74,0,0,0,0,431
0.782,22.68,51.74,0,0,0,82.1
16.512,0.782,22.68,51.74,0,0,83.6
7.816,16.512,0.782,22.68,51.74,0,102
10.172,7.816,16.512,0.782,22.68,51.74,168
3.031,10.172,7.816,16.512,0.782,22.68,119
17.94,3.031,10.172,7.816,16.512,0.782,268
12.096,17.94,3.031,10.172,7.816,16.512,239
31.063,12.096,17.94,3.031,10.172,7.816,317
36.755,31.063,12.096,17.94,3.031,10.172,418
16.309,36.755,31.063,12.096,17.94,3.031,416
58.293,16.309,36.755,31.063,12.096,17.94,396
51.278,58.293,16.309,36.755,31.063,12.096,635
13.502,51.278,58.293,16.309,36.755,31.063,1196
1.54,13.502,51.278,58.293,16.309,36.755,526
33.2,1.54,13.502,51.278,58.293,16.309,572
2.228,33.2,1.54,13.502,51.278,58.293,826
0.518,2.228,33.2,1.54,13.502,51.278,216
5.538,0.518,2.228,33.2,1.54,13.502,226
1.883,5.538,0.518,2.228,33.2,1.54,170
42.143,1.883,5.538,0.518,2.228,33.2,226
4.624,42.143,1.883,5.538,0.518,2.228,875
0.876,4.624,42.143,1.883,5.538,0.518,225
10.248,0.876,4.624,42.143,1.883,5.538,275
12.936,10.248,0.876,4.624,42.143,1.883,291
0.964,12.936,10.248,0.876,4.624,42.143,241
33.019,0.964,12.936,10.248,0.876,4.624,309
5.336,33.019,0.964,12.936,10.248,0.876,498
14.451,5.336,33.019,0.964,12.936,10.248,324
37.368,14.451,5.336,33.019,0.964,12.936,442
8.228,37.368,14.451,5.336,33.019,0.964,693
0.842,8.228,37.368,14.451,5.336,33.019,209
2.188,0.842,8.228,37.368,14.451,5.336,186
0,2.188,0.842,8.228,37.368,14.451,214
0.736,0,2.188,0.842,8.228,37.368,175
0,0.736,0,2.188,0.842,8.228,154
0.046,0,0.736,0,2.188,0.842,150
22.291,0.046,0,0.736,0,2.188,171
16.363,22.291,0.046,0,0.736,0,225
2.432,16.363,22.291,0.046,0,0.736,290
2.41,2.432,16.363,22.291,0.046,0,213
31.042,2.41,2.432,16.363,22.291,0.046,347
0.718,31.042,2.41,2.432,16.363,22.291,294
0.924,0.718,31.042,2.41,2.432,16.363,248
45.68,0.924,0.718,31.042,2.41,2.432,534
65.651,45.68,0.924,0.718,31.042,2.41,1010
24.72,65.651,45.68,0.924,0.718,31.042,1180
27.5,24.72,65.651,45.68,0.924,0.718,829
3.62,27.5,24.72,65.651,45.68,0.924,473
16.886,3.62,27.5,24.72,65.651,45.68,377
15.011,16.886,3.62,27.5,24.72,65.651,596
0.994,15.011,16.886,3.62,27.5,24.72,287
8.379,0.994,15.011,16.886,3.62,27.5,268
14.456,8.379,0.994,15.011,16.886,3.62,365
8.865,14.456,8.379,0.994,15.011,16.886,298
14.322,8.865,14.456,8.379,0.994,15.011,306
19.51,14.322,8.865,14.456,8.379,0.994,360
25.123,19.51,14.322,8.865,14.456,8.379,469
23.824,25.123,19.51,14.322,8.865,14.456,495
26.289,23.824,25.123,19.51,14.322,8.865,546
19.682,26.289,23.824,25.123,19.51,14.322,618
13.107,19.682,26.289,23.824,25.123,19.51,397
30.455,13.107,19.682,26.289,23.824,25.123,434
12.383,30.455,13.107,19.682,26.289,23.824,657
10.075,12.383,30.455,13.107,19.682,26.289,463
8.17,10.075,12.383,30.455,13.107,19.682,377
4.382,8.17,10.075,12.383,30.455,13.107,262
7.749,4.382,8.17,10.075,12.383,30.455,221
15.29,7.749,4.382,8.17,10.075,12.383,253
1.356,15.29,7.749,4.382,8.17,10.075,320
7.749,1.356,15.29,7.749,4.382,8.17,217.9
16.028,7.749,1.356,15.29,7.749,4.382,216.9
1.626,16.028,7.749,1.356,15.29,7.749,279
1.173,1.626,16.028,7.749,1.356,15.29,201
10.667,1.173,1.626,16.028,7.749,1.356,195
7.612,10.667,1.173,1.626,16.028,7.749,294
11.011,7.612,10.667,1.173,1.626,16.028,301
6.998,11.011,7.612,10.667,1.173,1.626,282
7.351,6.998,11.011,7.612,10.667,1.173,266
11.22,7.351,6.998,11.011,7.612,10.667,248
0,11.22,7.351,6.998,11.011,7.612,205
12.408,0,11.22,7.351,6.998,11.011,196
2.356,12.408,0,11.22,7.351,6.998,184
15.222,2.356,12.408,0,11.22,7.351,185
9.66,15.222,2.356,12.408,0,11.22,308
1.426,9.66,15.222,2.356,12.408,0,236
5.796,1.426,9.66,15.222,2.356,12.408,213
14.112,5.796,1.426,9.66,15.222,2.356,261
0,14.112,5.796,1.426,9.66,15.222,246
0,0,14.112,5.796,1.426,9.66,184
18.551,0,0,14.112,5.796,1.426,285
8.05,18.551,0,0,14.112,5.796,322
0.966,8.05,18.551,0,0,14.112,223
11.293,0.966,8.05,18.551,0,0,185
33.915,11.293,0.966,8.05,18.551,0,390
92.015,33.915,11.293,0.966,8.05,18.551,525
14.75,92.015,33.915,11.293,0.966,8.05,1471
6.418,14.75,92.015,33.915,11.293,0.966,414
52.08,6.418,14.75,92.015,33.915,11.293,526
13.011,52.08,6.418,14.75,92.015,33.915,884
7.623,13.011,52.08,6.418,14.75,92.015,384
7.541,7.623,13.011,52.08,6.418,14.75,171
0,7.541,7.623,13.011,52.08,6.418,146
0.138,0,7.541,7.623,13.011,52.08,142
0.092,0.138,0,7.541,7.623,13.011,126
0,0.092,0.138,0,7.541,7.623,111
0.138,0,0.092,0.138,0,7.541,119
0,0.138,0,0.092,0.138,0,93.3
0,0,0.138,0,0.092,0.138,86.8
0,0,0,0.138,0,0.092,84.8
0,0,0,0,0.138,0,80.8
0,0,0,0,0,0.138,79.9
0,0,0,0,0,0,78.8
0,0,0,0,0,0,73.2
0,0,0,0,0,0,69.2
0,0,0,0,0,0,65.2
0,0,0,0,0,0,61.1
53.046,0,0,0,0,0,158.9
26.712,53.046,0,0,0,0,471.7
0,26.712,53.046,0,0,0,383.2
0,0,26.712,53.046,0,0,64.4
0,0,0,26.712,53.046,0,61.5
0,0,0,0,26.712,53.046,61.9
0,0,0,0,0,26.712,58.9
0,0,0,0,0,0,54.3
0,0,0,0,0,0,54.3
0,0,0,0,0,0,51
0,0,0,0,0,0,49.7
0,0,0,0,0,0,45.6
0,0,0,0,0,0,43.4
0,0,0,0,0,0,42.7
0,0,0,0,0,0,42
0,0,0,0,0,0,41.1
0,0,0,0,0,0,40.2
0,0,0,0,0,0,39.2
0,0,0,0,0,0,38.1
0,0,0,0,0,0,37.1
0,0,0,0,0,0,36
0,0,0,0,0,0,34.3
0,0,0,0,0,0,33.4
0,0,0,0,0,0,32.9
0,0,0,0,0,0,32.5
0,0,0,0,0,0,34.8
0,0,0,0,0,0,33.6
0,0,0,0,0,0,32.7
0,0,0,0,0,0,31.8
0,0,0,0,0,0,30.4
0,0,0,0,0,0,29.2
0,0,0,0,0,0,28.7
0,0,0,0,0,0,28
0,0,0,0,0,0,27.3
0,0,0,0,0,0,27.1
0,0,0,0,0,0,26.4
0,0,0,0,0,0,25.7
0,0,0,0,0,0,25
0,0,0,0,0,0,24.6
0,0,0,0,0,0,24.4
0,0,0,0,0,0,24.7
0,0,0,0,0,0,24.1
0,0,0,0,0,0,23.7
0,0,0,0,0,0,23.4
0,0,0,0,0,0,22.8
0,0,0,0,0,0,22.3
0,0,0,0,0,0,21.8
0,0,0,0,0,0,21.4
0,0,0,0,0,0,20.9
0,0,0,0,0,0,20.9
0,0,0,0,0,0,20.5
0,0,0,0,0,0,20.4
0,0,0,0,0,0,20.1
0,0,0,0,0,0,20
0.138,0,0,0,0,0,19.3
2.622,0.138,0,0,0,0,19.3
0.56,2.622,0.138,0,0,0,19.2
0,0.56,2.622,0.138,0,0,20.1
0,0,0.56,2.622,0.138,0,19.7
0,0,0,0.56,2.622,0.138,19.3
0,0,0,0,0.56,2.622,18.9
0,0,0,0,0,0.56,18.9
0,0,0,0,0,0,18.9
0,0,0,0,0,0,18.5
0,0,0,0,0,0,18.1
0,0,0,0,0,0,17.7
0,0,0,0,0,0,17.3
0,0,0,0,0,0,17.3
0,0,0,0,0,0,16.9
0,0,0,0,0,0,16.5
0,0,0,0,0,0,16.2
0,0,0,0,0,0,16.2
0,0,0,0,0,0,15.9
0,0,0,0,0,0,15.9
0,0,0,0,0,0,15.6
0,0,0,0,0,0,15.6
0,0,0,0,0,0,15.3
0,0,0,0,0,0,15.3
0,0,0,0,0,0,15.2
0,0,0,0,0,0,15
0,0,0,0,0,0,14.7
0,0,0,0,0,0,14.4
0,0,0,0,0,0,14.4
0,0,0,0,0,0,14.1
0,0,0,0,0,0,14.1
0,0,0,0,0,0,14.1
0,0,0,0,0,0,13.8
0,0,0,0,0,0,13.8
0,0,0,0,0,0,13.8
0,0,0,0,0,0,13.5
0,0,0,0,0,0,13.5
0,0,0,0,0,0,13.5
0,0,0,0,0,0,13.2
0,0,0,0,0,0,13.2
0,0,0,0,0,0,13.3
0.644,0,0,0,0,0,13.8
0.115,0.644,0,0,0,0,14.5
0,0.115,0.644,0,0,0,14.1
0,0,0.115,0.644,0,0,13.8
0,0,0,0.115,0.644,0,13.6
0,0,0,0,0.115,0.644,13.2
0,0,0,0,0,0.115,13
0,0,0,0,0,0,13
0,0,0,0,0,0,13
0,0,0,0,0,0,12.7
0,0,0,0,0,0,12.7
0,0,0,0,0,0,12.5
0,0,0,0,0,0,12.5
0,0,0,0,0,0,12.2
0,0,0,0,0,0,12
0,0,0,0,0,0,11.9
0,0,0,0,0,0,11.7
0,0,0,0,0,0,11.5
0,0,0,0,0,0,11.5
0,0,0,0,0,0,11.2
0,0,0,0,0,0,11.2
0,0,0,0,0,0,11.2
0,0,0,0,0,0,11
0,0,0,0,0,0,11
0,0,0,0,0,0,10.8
0,0,0,0,0,0,10.8
0,0,0,0,0,0,10.8
4.536,0,0,0,0,0,11.3
2.596,4.536,0,0,0,0,12.8
0,2.596,4.536,0,0,0,12.7
0,0,2.596,4.536,0,0,12.2
0,0,0,2.596,4.536,0,12.2
0,0,0,0,2.596,4.536,11.7
0,0,0,0,0,2.596,11.5
0,0,0,0,0,0,11.5
0,0,0,0,0,0,11.2
5.229,0,0,0,0,0,11.1
2.335,5.229,0,0,0,0,12.6
3.815,2.335,5.229,0,0,0,16.6
0,3.815,2.335,5.229,0,0,14.6
0,0,3.815,2.335,5.229,0,13.7
0,0,0,3.815,2.335,5.229,12.4
0,0,0,0,3.815,2.335,12
0,0,0,0,0,3.815,11.7
0.046,0,0,0,0,0,11.5
1.932,0.046,0,0,0,0,11.2
2.151,1.932,0.046,0,0,0,11.3
0,2.151,1.932,0.046,0,0,12.3
0,0,2.151,1.932,0.046,0,11.5
1.449,0,0,2.151,1.932,0.046,11.2
0,1.449,0,0,2.151,1.932,11.9
0,0,1.449,0,0,2.151,11.2
0,0,0,1.449,0,0,10.9
0,0,0,0,1.449,0,10.7
0,0,0,0,0,1.449,10.1
0,0,0,0,0,0,9.8
0,0,0,0,0,0,9.8
0,0,0,0,0,0,9.73
0.138,0,0,0,0,0,10.2
0,0.138,0,0,0,0,10
1.4,0,0.138,0,0,0,9.93
0,1.4,0,0.138,0,0,9.8
0,0,1.4,0,0.138,0,9.8
0,0,0,1.4,0,0.138,9.6
0,0,0,0,1.4,0,9.6
0,0,0,0,0,1.4,9.4
0,0,0,0,0,0,9.27
0,0,0,0,0,0,9.07
0,0,0,0,0,0,8.77
0,0,0,0,0,0,8.49
0,0,0,0,0,0,8.49
0,0,0,0,0,0,8.38
0,0,0,0,0,0,8.32
0,0,0,0,0,0,8.15
0,0,0,0,0,0,8.15
0,0,0,0,0,0,8.04
2.528,0,0,0,0,0,7.98
6.9,2.528,0,0,0,0,8.15
0,6.9,2.528,0,0,0,13
0,0,6.9,2.528,0,0,10.7
1.058,0,0,6.9,2.528,0,10.3
0,1.058,0,0,6.9,2.528,10
0,0,1.058,0,0,6.9,9.6
0,0,0,1.058,0,0,9.33
0,0,0,0,1.058,0,9.01
0,0,0,0,0,1.058,8.66
0,0,0,0,0,0,8.32
0,0,0,0,0,0,8.15
0,0,0,0,0,0,8.09
0,0,0,0,0,0,7.98
0,0,0,0,0,0,7.98
0,0,0,0,0,0,7.92
7.119,0,0,0,0,0,7.81
0,7.119,0,0,0,0,7.81
0,0,7.119,0,0,0,7.75
0,0,0,7.119,0,0,7.58
0,0,0,0,7.119,0,7.47
0,0,0,0,0,7.119,7.53
0.598,0,0,0,0,0,7.58
0,0.598,0,0,0,0,8.09
0,0,0.598,0,0,0,7.92
0,0,0,0.598,0,0,7.81
0,0,0,0,0.598,0,7.75
0,0,0,0,0,0.598,7.47
0,0,0,0,0,0,7.3
0,0,0,0,0,0,7.17
0.7,0,0,0,0,0,7.04
0,0.7,0,0,0,0,7.04
0,0,0.7,0,0,0,7.04
0.138,0,0,0.7,0,0,6.91
0,0.138,0,0,0.7,0,7.04
0,0,0.138,0,0,0.7,7.17
0,0,0,0.138,0,0,7.04
0,0,0,0,0.138,0,6.91
0,0,0,0,0,0.138,6.91
0,0,0,0,0,0,6.78
0,0,0,0,0,0,6.78
0,0,0,0,0,0,6.78
0,0,0,0,0,0,6.65
0,0,0,0,0,0,9.27
15.4,0,0,0,0,0,8.04
13.755,15.4,0,0,0,0,23.2
17.942,13.755,15.4,0,0,0,40.5
8.523,17.942,13.755,15.4,0,0,38.43
17.232,8.523,17.942,13.755,15.4,0,54.3
15.13,17.232,8.523,17.942,13.755,15.4,88
39.232,15.13,17.232,8.523,17.942,13.755,154.6
58.263,39.232,15.13,17.232,8.523,17.942,278
9.229,58.263,39.232,15.13,17.232,8.523,545
0.138,9.229,58.263,39.232,15.13,17.232,76.5
0,0.138,9.229,58.263,39.232,15.13,46.9
0,0,0.138,9.229,58.263,39.232,32.5
0,0,0,0.138,9.229,58.263,46.8
0,0,0,0,0.138,9.229,38.1
0,0,0,0,0,0.138,26.2
0,0,0,0,0,0,18.6
0,0,0,0,0,0,19.4
0,0,0,0,0,0,18
0,0,0,0,0,0,17
0,0,0,0,0,0,16.2
0,0,0,0,0,0,14.5
0,0,0,0,0,0,13.9
0,0,0,0,0,0,16.8
0,0,0,0,0,0,14
0,0,0,0,0,0,14.1
5.571,0,0,0,0,0,17.2
4.394,5.571,0,0,0,0,20.7
72.124,4.394,5.571,0,0,0,42.9
1.255,72.124,4.394,5.571,0,0,571.8
23.304,1.255,72.124,4.394,5.571,0,242
29.328,23.304,1.255,72.124,4.394,5.571,351.9
15.018,29.328,23.304,1.255,72.124,4.394,353.7
19.313,15.018,29.328,23.304,1.255,72.124,359
43.584,19.313,15.018,29.328,23.304,1.255,389
42.462,43.584,19.313,15.018,29.328,23.304,757
44.891,42.462,43.584,19.313,15.018,29.328,884
21.215,44.891,42.462,43.584,19.313,15.018,774
7.652,21.215,44.891,42.462,43.584,19.313,214
9.548,7.652,21.215,44.891,42.462,43.584,217
61.124,9.548,7.652,21.215,44.891,42.462,291
27.069,61.124,9.548,7.652,21.215,44.891,1294
8.498,27.069,61.124,9.548,7.652,21.215,1050
9.946,8.498,27.069,61.124,9.548,7.652,584
1.4,9.946,8.498,27.069,61.124,9.548,435
7.842,1.4,9.946,8.498,27.069,61.124,233.3
5.772,7.842,1.4,9.946,8.498,27.069,339.3
19.476,5.772,7.842,1.4,9.946,8.498,348
4.731,19.476,5.772,7.842,1.4,9.946,507
25.522,4.731,19.476,5.772,7.842,1.4,237
8.156,25.522,4.731,19.476,5.772,7.842,598
8.514,8.156,25.522,4.731,19.476,5.772,243
10.202,8.514,8.156,25.522,4.731,19.476,257
14.404,10.202,8.514,8.156,25.522,4.731,296
1.38,14.404,10.202,8.514,8.156,25.522,229.8
5.81,1.38,14.404,10.202,8.514,8.156,163
2.992,5.81,1.38,14.404,10.202,8.514,185
4.368,2.992,5.81,1.38,14.404,10.202,277
33.018,4.368,2.992,5.81,1.38,14.404,420
34.984,33.018,4.368,2.992,5.81,1.38,683
31.925,34.984,33.018,4.368,2.992,5.81,840
15.023,31.925,34.984,33.018,4.368,2.992,451
8.794,15.023,31.925,34.984,33.018,4.368,336
24.009,8.794,15.023,31.925,34.984,33.018,660
13.518,24.009,8.794,15.023,31.925,34.984,682
2.468,13.518,24.009,8.794,15.023,31.925,405
1.876,2.468,13.518,24.009,8.794,15.023,415
32.741,1.876,2.468,13.518,24.009,8.794,350
12.66,32.741,1.876,2.468,13.518,24.009,513
5.376,12.66,32.741,1.876,2.468,13.518,320
29.613,5.376,12.66,32.741,1.876,2.468,324
29,29.613,5.376,12.66,32.741,1.876,460
0.046,29,29.613,5.376,12.66,32.741,559
1.15,0.046,29,29.613,5.376,12.66,225
0.644,1.15,0.046,29,29.613,5.376,206
0.115,0.644,1.15,0.046,29,29.613,194
0,0.115,0.644,1.15,0.046,29,153
0.81,0,0.115,0.644,1.15,0.046,125
0.49,0.81,0,0.115,0.644,1.15,103
0.442,0.49,0.81,0,0.115,0.644,94
37.233,0.442,0.49,0.81,0,0.115,126
20.516,37.233,0.442,0.49,0.81,0,313
5.198,20.516,37.233,0.442,0.49,0.81,248
0.84,5.198,20.516,37.233,0.442,0.49,158
4.422,0.84,5.198,20.516,37.233,0.442,172
4.479,4.422,0.84,5.198,20.516,37.233,243
5.974,4.479,4.422,0.84,5.198,20.516,266
67.642,5.974,4.479,4.422,0.84,5.198,376
62.175,67.642,5.974,4.479,4.422,0.84,693
8.292,62.175,67.642,5.974,4.479,4.422,996
7.042,8.292,62.175,67.642,5.974,4.479,273
3.688,7.042,8.292,62.175,67.642,5.974,228
13.278,3.688,7.042,8.292,62.175,67.642,320
1.656,13.278,3.688,7.042,8.292,62.175,306
0.28,1.656,13.278,3.688,7.042,8.292,192
10.68,0.28,1.656,13.278,3.688,7.042,164
20.725,10.68,0.28,1.656,13.278,3.688,150
160.42,20.725,10.68,0.28,1.656,13.278,526
18.383,160.42,20.725,10.68,0.28,1.656,3110
10.851,18.383,160.42,20.725,10.68,0.28,528
16.433,10.851,18.383,160.42,20.725,10.68,466
1.26,16.433,10.851,18.383,160.42,20.725,383
21.339,1.26,16.433,10.851,18.383,160.42,327
23.757,21.339,1.26,16.433,10.851,18.383,498
36.855,23.757,21.339,1.26,16.433,10.851,824
13.42,36.855,23.757,21.339,1.26,16.433,512
4.133,13.42,36.855,23.757,21.339,1.26,314
7.271,4.133,13.42,36.855,23.757,21.339,286
6.401,7.271,4.133,13.42,36.855,23.757,243
4.067,6.401,7.271,4.133,13.42,36.855,163
5.06,4.067,6.401,7.271,4.133,13.42,172
0.276,5.06,4.067,6.401,7.271,4.133,159
1.404,0.276,5.06,4.067,6.401,7.271,147
26.862,1.404,0.276,5.06,4.067,6.401,384
6.096,26.862,1.404,0.276,5.06,4.067,756
0,6.096,26.862,1.404,0.276,5.06,225
0.532,0,6.096,26.862,1.404,0.276,160
0.23,0.532,0,6.096,26.862,1.404,138
6.488,0.23,0.532,0,6.096,26.862,143
0.349,6.488,0.23,0.532,0,6.096,118
2.938,0.349,6.488,0.23,0.532,0,176
16.679,2.938,0.349,6.488,0.23,0.532,257
3.402,16.679,2.938,0.349,6.488,0.23,159
0.322,3.402,16.679,2.938,0.349,6.488,137
0,0.322,3.402,16.679,2.938,0.349,138
0,0,0.322,3.402,16.679,2.938,131
0,0,0,0.322,3.402,16.679,126
0,0,0,0,0.322,3.402,127
0,0,0,0,0,0.322,107
0.742,0,0,0,0,0,98
0.56,0.742,0,0,0,0,90.9
0.28,0.56,0.742,0,0,0,88.8
11.592,0.28,0.56,0.742,0,0,109.5
21.15,11.592,0.28,0.56,0.742,0,123.5
13.242,21.15,11.592,0.28,0.56,0.742,172
28.288,13.242,21.15,11.592,0.28,0.56,209
50.721,28.288,13.242,21.15,11.592,0.28,301
16.537,50.721,28.288,13.242,21.15,11.592,826
12.663,16.537,50.721,28.288,13.242,21.15,308
11.97,12.663,16.537,50.721,28.288,13.242,287
7.131,11.97,12.663,16.537,50.721,28.288,267
6.038,7.131,11.97,12.663,16.537,50.721,243
24.279,6.038,7.131,11.97,12.663,16.537,252
12.898,24.279,6.038,7.131,11.97,12.663,428
13.892,12.898,24.279,6.038,7.131,11.97,236
0,13.892,12.898,24.279,6.038,7.131,223
0.023,0,13.892,12.898,24.279,6.038,155
0,0.023,0,13.892,12.898,24.279,163
0,0,0.023,0,13.892,12.898,115
0,0,0,0.023,0,13.892,108
0,0,0,0,0.023,0,94
0,0,0,0,0,0.023,99.3
0.736,0,0,0,0,0,93.2
2.3,0.736,0,0,0,0,87.3
7.812,2.3,0.736,0,0,0,83.6
0,7.812,2.3,0.736,0,0,80
5.75,0,7.812,2.3,0.736,0,85.6
0,5.75,0,7.812,2.3,0.736,80.4
0,0,5.75,0,7.812,2.3,86.8
0,0,0,5.75,0,7.812,79.6
0,0,0,0,5.75,0,78
0,0,0,0,0,5.75,75.8
0,0,0,0,0,0,71.8
0,0,0,0,0,0,69.2
0,0,0,0,0,0,67.4
0,0,0,0,0,0,70.7
0,0,0,0,0,0,65.5
0,0,0,0,0,0,65.5
0,0,0,0,0,0,62.6
0,0,0,0,0,0,60.8
0,0,0,0,0,0,60
0,0,0,0,0,0,59.3
0,0,0,0,0,0,57.8
0,0,0,0,0,0,56
0,0,0,0,0,0,53.7
0,0,0,0,0,0,54
0,0,0,0,0,0,53.3
0,0,0,0,0,0,52.7
0,0,0,0,0,0,51.3
0,0,0,0,0,0,50
0,0,0,0,0,0,49
0,0,0,0,0,0,47.7
0,0,0,0,0,0,46
0,0,0,0,0,0,45.3
0,0,0,0,0,0,44.6
0,0,0,0,0,0,44.6
35.889,0,0,0,0,0,64.1
30.002,35.889,0,0,0,0,368
5.67,30.002,35.889,0,0,0,381.2
0,5.67,30.002,35.889,0,0,170.7
0,0,5.67,30.002,35.889,0,65.9
0,0,0,5.67,30.002,35.889,62.2
5.95,0,0,0,5.67,30.002,57.8
0,5.95,0,0,0,5.67,54.7
0,0,5.95,0,0,0,51.7
0,0,0,5.95,0,0,49.7
0,0,0,0,5.95,0,47.7
0,0,0,0,0,5.95,45.5
0,0,0,0,0,0,44.4
0,0,0,0,0,0,43
0,0,0,0,0,0,42
0,0,0,0,0,0,41.1
0,0,0,0,0,0,40.2
0,0,0,0,0,0,38.8
0,0,0,0,0,0,38.1
0,0,0,0,0,0,36.7
0,0,0,0,0,0,36.2
0,0,0,0,0,0,35.5
0,0,0,0,0,0,34.6
0,0,0,0,0,0,33.6
0,0,0,0,0,0,33.2
6.93,0,0,0,0,0,32
0,6.93,0,0,0,0,31.3
0,0,6.93,0,0,0,31.1
0,0,0,6.93,0,0,30.6
0,0,0,0,6.93,0,29.9
0,0,0,0,0,6.93,29.9
0,0,0,0,0,0,29.2
0,0,0,0,0,0,29.2
0,0,0,0,0,0,29.2
0,0,0,0,0,0,28.5
0,0,0,0,0,0,27.8
0,0,0,0,0,0,27.8
0,0,0,0,0,0,30.1
0,0,0,0,0,0,25.7
0,0,0,0,0,0,25
0,0,0,0,0,0,25
0,0,0,0,0,0,24.6
0,0,0,0,0,0,24.1
0,0,0,0,0,0,24.1
0,0,0,0,0,0,24.1
13.724,0,0,0,0,0,26.4
9.222,13.724,0,0,0,0,33.6
0,9.222,13.724,0,0,0,30.1
0,0,9.222,13.724,0,0,27.3
0,0,0,9.222,13.724,0,25
0,0,0,0,9.222,13.724,24.4
0,0,0,0,0,9.222,24.2
0,0,0,0,0,0,24.2
0,0,0,0,0,0,23.9
0,0,0,0,0,0,23.3
0,0,0,0,0,0,23.3
0,0,0,0,0,0,23.3
0,0,0,0,0,0,22.4
0,0,0,0,0,0,21.5
0,0,0,0,0,0,22.1
0,0,0,0,0,0,22.1
0,0,0,0,0,0,21.5
0.138,0,0,0,0,0,20.6
0,0.138,0,0,0,0,22.1
0,0,0.138,0,0,0,21.5
0,0,0,0.138,0,0,20.6
0,0,0,0,0.138,0,20.6
0,0,0,0,0,0.138,20.6
0,0,0,0,0,0,19.7
0,0,0,0,0,0,19.7
0,0,0,0,0,0,19.1
0,0,0,0,0,0,18.8
0,0,0,0,0,0,18.8
0,0,0,0,0,0,17.9
0,0,0,0,0,0,17.6
0,0,0,0,0,0,17
0,0,0,0,0,0,17
0,0,0,0,0,0,17
0,0,0,0,0,0,16.5
0,0,0,0,0,0,16.5
0,0,0,0,0,0,16.5
0,0,0,0,0,0,16.5
0,0,0,0,0,0,16
0,0,0,0,0,0,16
0,0,0,0,0,0,16
0,0,0,0,0,0,15.7
0,0,0,0,0,0,15.5
0,0,0,0,0,0,15.5
0,0,0,0,0,0,15.5
0,0,0,0,0,0,15
0,0,0,0,0,0,14.5
0,0,0,0,0,0,14.5
0,0,0,0,0,0,14.5
0.069,0,0,0,0,0,14.5
0.579,0.069,0,0,0,0,14
0,0.579,0.069,0,0,0,14
0,0,0.579,0.069,0,0,14
0,0,0,0.579,0.069,0,13.8
0,0,0,0,0.579,0.069,13.5
0,0,0,0,0,0.579,13.5
0,0,0,0,0,0,13.2
0,0,0,0,0,0,13.5
7.749,0,0,0,0,0,13.5
4.527,7.749,0,0,0,0,15
0.308,4.527,7.749,0,0,0,18.5
0,0.308,4.527,7.749,0,0,16.2
0,0,0.308,4.527,7.749,0,15
0,0,0,0.308,4.527,7.749,14.7
2.522,0,0,0,0.308,4.527,14.5
0,2.522,0,0,0,0.308,14.8
0,0,2.522,0,0,0,14.5
0,0,0,2.522,0,0,14
0,0,0,0,2.522,0,13.5
0,0,0,0,0,2.522,13.2
0,0,0,0,0,0,13
0,0,0,0,0,0,13
0,0,0,0,0,0,13
22.617,0,0,0,0,0,57.4
0,22.617,0,0,0,0,86.1
0.046,0,22.617,0,0,0,19.1
12.726,0.046,0,22.617,0,0,29.3
7.422,12.726,0.046,0,22.617,0,30.9
0,7.422,12.726,0.046,0,22.617,22.1
0.069,0,7.422,12.726,0.046,0,16.5
0,0.069,0,7.422,12.726,0.046,15.2
0,0,0.069,0,7.422,12.726,14.5
0.819,0,0,0.069,0,7.422,13.7
24.252,0.819,0,0,0.069,0,51.7
7.641,24.252,0.819,0,0,0.069,89.3
0,7.641,24.252,0.819,0,0,29.3
0,0,7.641,24.252,0.819,0,19.1
0,0,0,7.641,24.252,0.819,15.5
0,0,0,0,7.641,24.252,14.7
0,0,0,0,0,7.641,14
0,0,0,0,0,0,13.5
1.033,0,0,0,0,0,12.8
0.23,1.033,0,0,0,0,12.3
0,0.23,1.033,0,0,0,11.9
0,0,0.23,1.033,0,0,11.4
0,0,0,0.23,1.033,0,11.2
0,0,0,0,0.23,1.033,10.9
0,0,0,0,0,0.23,10.7
0,0,0,0,0,0,10.5
0,0,0,0,0,0,10.1
0,0,0,0,0,0,10.1
0,0,0,0,0,0,9.72
0,0,0,0,0,0,9.72
0,0,0,0,0,0,9.34
0,0,0,0,0,0,9.21
0,0,0,0,0,0,8.96
0,0,0,0,0,0,8.83
0,0,0,0,0,0,8.58
0,0,0,0,0,0,8.58
7.501,0,0,0,0,0,8.2
7.349,7.501,0,0,0,0,9.85
0,7.349,7.501,0,0,0,11.2
2.778,0,7.349,7.501,0,0,11
31.9,2.778,0,7.349,7.501,0,61.9
11.34,31.9,2.778,0,7.349,7.501,109.4
6.363,11.34,31.9,2.778,0,7.349,73.5
2.142,6.363,11.34,31.9,2.778,0,20.3
1.212,2.142,6.363,11.34,31.9,2.778,17
0.819,1.212,2.142,6.363,11.34,31.9,21.2
3.435,0.819,1.212,2.142,6.363,11.34,25.6
9.702,3.435,0.819,1.212,2.142,6.363,17.3
4.755,9.702,3.435,0.819,1.212,2.142,22.5
7.119,4.755,9.702,3.435,0.819,1.212,15.3
0,7.119,4.755,9.702,3.435,0.819,14.5
0.023,0,7.119,4.755,9.702,3.435,14.9
3.381,0.023,0,7.119,4.755,9.702,16.2
0,3.381,0.023,0,7.119,4.755,15.5
1.541,0,3.381,0.023,0,7.119,13.5
75.272,1.541,0,3.381,0.023,0,267
5.414,75.272,1.541,0,3.381,0.023,74.4
6.552,5.414,75.272,1.541,0,3.381,31.3
0.7,6.552,5.414,75.272,1.541,0,44.5
0.46,0.7,6.552,5.414,75.272,1.541,29.4
0,0.46,0.7,6.552,5.414,75.272,17.6
0.385,0,0.46,0.7,6.552,5.414,15
0.448,0.385,0,0.46,0.7,6.552,13.7
0,0.448,0.385,0,0.46,0.7,13
0,0,0.448,0.385,0,0.46,12.5
0,0,0,0.448,0.385,0,12.5
0.728,0,0,0,0.448,0.385,12.2
9.679,0.728,0,0,0,0.448,11.9
0.046,9.679,0.728,0,0,0,21.5
30.942,0.046,9.679,0.728,0,0,23.6
15.339,30.942,0.046,9.679,0.728,0,62.6
45.346,15.339,30.942,0.046,9.679,0.728,89.2
1.457,45.346,15.339,30.942,0.046,9.679,243
10.933,1.457,45.346,15.339,30.942,0.046,59.5
0.288,10.933,1.457,45.346,15.339,30.942,36.1
5.199,0.288,10.933,1.457,45.346,15.339,69.2
5.018,5.199,0.288,10.933,1.457,45.346,23.3
13.031,5.018,5.199,0.288,10.933,1.457,53.7
0.938,13.031,5.018,5.199,0.288,10.933,44.5
0.693,0.938,13.031,5.018,5.199,0.288,39.4
0,0.693,0.938,13.031,5.018,5.199,32.4
1.09,0,0.693,0.938,13.031,5.018,46.4
0,1.09,0,0.693,0.938,13.031,32
12.394,0,1.09,0,0.693,0.938,79.6
85.048,12.394,0,1.09,0,0.693,768
1.175,85.048,12.394,0,1.09,0,106
0.961,1.175,85.048,12.394,0,1.09,73.1
1.904,0.961,1.175,85.048,12.394,0,73.3
4.974,1.904,0.961,1.175,85.048,12.394,110
0.14,4.974,1.904,0.961,1.175,85.048,45
0,0.14,4.974,1.904,0.961,1.175,33.6
19.712,0,0.14,4.974,1.904,0.961,25.4
0.7,19.712,0,0.14,4.974,1.904,22.1
14.017,0.7,19.712,0,0.14,4.974,150
11.338,14.017,0.7,19.712,0,0.14,96.8
3.91,11.338,14.017,0.7,19.712,0,114
6.746,3.91,11.338,14.017,0.7,19.712,93.8
7.725,6.746,3.91,11.338,14.017,0.7,90.2
4.369,7.725,6.746,3.91,11.338,14.017,107
11.716,4.369,7.725,6.746,3.91,11.338,127
33.574,11.716,4.369,7.725,6.746,3.91,178
32.202,33.574,11.716,4.369,7.725,6.746,290
8.2,32.202,33.574,11.716,4.369,7.725,298
0.56,8.2,32.202,33.574,11.716,4.369,204
26.406,0.56,8.2,32.202,33.574,11.716,284
28.844,26.406,0.56,8.2,32.202,33.574,319
0.23,28.844,26.406,0.56,8.2,32.202,286
0.766,0.23,28.844,26.406,0.56,8.2,284
10.79,0.766,0.23,28.844,26.406,0.56,273
1.268,10.79,0.766,0.23,28.844,26.406,277
32.599,1.268,10.79,0.766,0.23,28.844,262
37.051,32.599,1.268,10.79,0.766,0.23,368
1.15,37.051,32.599,1.268,10.79,0.766,375
0.161,1.15,37.051,32.599,1.268,10.79,235
3.042,0.161,1.15,37.051,32.599,1.268,184
11.431,3.042,0.161,1.15,37.051,32.599,239
38.612,11.431,3.042,0.161,1.15,37.051,482
47.979,38.612,11.431,3.042,0.161,1.15,518
70.228,47.979,38.612,11.431,3.042,0.161,817
62.847,70.228,47.979,38.612,11.431,3.042,1440
32.653,62.847,70.228,47.979,38.612,11.431,668
1.631,32.653,62.847,70.228,47.979,38.612,601
4.081,1.631,32.653,62.847,70.228,47.979,602
15.467,4.081,1.631,32.653,62.847,70.228,375
16.504,15.467,4.081,1.631,32.653,62.847,579
47.422,16.504,15.467,4.081,1.631,32.653,599
4.448,47.422,16.504,15.467,4.081,1.631,742
17.032,4.448,47.422,16.504,15.467,4.081,430
29.099,17.032,4.448,47.422,16.504,15.467,339
2.599,29.099,17.032,4.448,47.422,16.504,232
12.835,2.599,29.099,17.032,4.448,47.422,271
2.592,12.835,2.599,29.099,17.032,4.448,353
10.199,2.592,12.835,2.599,29.099,17.032,267
7.182,10.199,2.592,12.835,2.599,29.099,230
2.88,7.182,10.199,2.592,12.835,2.599,246
31.487,2.88,7.182,10.199,2.592,12.835,230
33.965,31.487,2.88,7.182,10.199,2.592,290
8.09,33.965,31.487,2.88,7.182,10.199,418
6.467,8.09,33.965,31.487,2.88,7.182,329
17.778,6.467,8.09,33.965,31.487,2.88,405
36.41,17.778,6.467,8.09,33.965,31.487,547
26.039,36.41,17.778,6.467,8.09,33.965,557
5.828,26.039,36.41,17.778,6.467,8.09,523
7.202,5.828,26.039,36.41,17.778,6.467,521
9.98,7.202,5.828,26.039,36.41,17.778,504
14.392,9.98,7.202,5.828,26.039,36.41,595
28.127,14.392,9.98,7.202,5.828,26.039,700
8.966,28.127,14.392,9.98,7.202,5.828,491
2.884,8.966,28.127,14.392,9.98,7.202,362
0.42,2.884,8.966,28.127,14.392,9.98,347
13.567,0.42,2.884,8.966,28.127,14.392,400
29.028,13.567,0.42,2.884,8.966,28.127,598
8.444,29.028,13.567,0.42,2.884,8.966,439
33.975,8.444,29.028,13.567,0.42,2.884,533
24.557,33.975,8.444,29.028,13.567,0.42,720
34.714,24.557,33.975,8.444,29.028,13.567,785
12.968,34.714,24.557,33.975,8.444,29.028,550
21.505,12.968,34.714,24.557,33.975,8.444,713
59.103,21.505,12.968,34.714,24.557,33.975,643
56.835,59.103,21.505,12.968,34.714,24.557,2110
23.401,56.835,59.103,21.505,12.968,34.714,845
21.639,23.401,56.835,59.103,21.505,12.968,601
24.593,21.639,23.401,56.835,59.103,21.505,628
5.705,24.593,21.639,23.401,56.835,59.103,742
0.184,5.705,24.593,21.639,23.401,56.835,541
1.456,0.184,5.705,24.593,21.639,23.401,525
28.016,1.456,0.184,5.705,24.593,21.639,654
68.986,28.016,1.456,0.184,5.705,24.593,583
38.464,68.986,28.016,1.456,0.184,5.705,1970
15.536,38.464,68.986,28.016,1.456,0.184,1110
21.142,15.536,38.464,68.986,28.016,1.456,1140
3.768,21.142,15.536,38.464,68.986,28.016,362
9.125,3.768,21.142,15.536,38.464,68.986,346
13.343,9.125,3.768,21.142,15.536,38.464,713
17.395,13.343,9.125,3.768,21.142,15.536,632
0,17.395,13.343,9.125,3.768,21.142,346
4.424,0,17.395,13.343,9.125,3.768,323
11.077,4.424,0,17.395,13.343,9.125,365
9.978,11.077,4.424,0,17.395,13.343,360
4.483,9.978,11.077,4.424,0,17.395,277
25.788,4.483,9.978,11.077,4.424,0,271
32.233,25.788,4.483,9.978,11.077,4.424,358
54.713,32.233,25.788,4.483,9.978,11.077,1040
38.639,54.713,32.233,25.788,4.483,9.978,1210
2.583,38.639,54.713,32.233,25.788,4.483,890
1.244,2.583,38.639,54.713,32.233,25.788,458
0,1.244,2.583,38.639,54.713,32.233,312
0,0,1.244,2.583,38.639,54.713,244
0,0,0,1.244,2.583,38.639,197
0,0,0,0,1.244,2.583,173
5.733,0,0,0,0,1.244,142
5.687,5.733,0,0,0,0,152
0.871,5.687,5.733,0,0,0,146
1.517,0.871,5.687,5.733,0,0,132
0.536,1.517,0.871,5.687,5.733,0,120
0,0.536,1.517,0.871,5.687,5.733,107
5.692,0,0.536,1.517,0.871,5.687,117
1.071,5.692,0,0.536,1.517,0.871,129
0.935,1.071,5.692,0,0.536,1.517,102
0,0.935,1.071,5.692,0,0.536,98.1
0,0,0.935,1.071,5.692,0,93.3
0.21,0,0,0.935,1.071,5.692,88.4
0.462,0.21,0,0,0.935,1.071,86.8
1.305,0.462,0.21,0,0,0.935,88.4
0,1.305,0.462,0.21,0,0,87.6
0,0,1.305,0.462,0.21,0,81.6
0,0,0,1.305,0.462,0.21,77.2
0,0,0,0,1.305,0.462,85.6
2.645,0,0,0,0,1.305,114
0,2.645,0,0,0,0,77.6
1.057,0,2.645,0,0,0,95.9
4.921,1.057,0,2.645,0,0,110
1.403,4.921,1.057,0,2.645,0,81.2
0,1.403,4.921,1.057,0,2.645,69.2
1.953,0,1.403,4.921,1.057,0,70.8
0,1.953,0,1.403,4.921,1.057,72
0,0,1.953,0,1.403,4.921,64.8
0,0,0,1.953,0,1.403,63.2
0,0,0,0,1.953,0,62.4
0,0,0,0,0,1.953,61.2
0,0,0,0,0,0,60.4
0,0,0,0,0,0,58.8
0,0,0,0,0,0,57.6
0,0,0,0,0,0,57.2
0,0,0,0,0,0,56
0,0,0,0,0,0,66.4
0,0,0,0,0,0,55.1
0,0,0,0,0,0,53.6
0,0,0,0,0,0,53
0,0,0,0,0,0,52.4
0,0,0,0,0,0,51.5
0,0,0,0,0,0,50.6
0,0,0,0,0,0,49.7
0,0,0,0,0,0,49.1
0,0,0,0,0,0,47.9
0,0,0,0,0,0,47.3
0,0,0,0,0,0,46.4
0,0,0,0,0,0,46.1
0,0,0,0,0,0,45.5
0,0,0,0,0,0,44.9
2.196,0,0,0,0,0,44.3
2.262,2.196,0,0,0,0,48.2
0.69,2.262,2.196,0,0,0,50.6
0,0.69,2.262,2.196,0,0,47.3
0,0,0.69,2.262,2.196,0,46.4
0,0,0,0.69,2.262,2.196,45.2
0.161,0,0,0,0.69,2.262,44.3
0,0.161,0,0,0,0.69,43.7
0,0,0.161,0,0,0,43.4
0,0,0,0.161,0,0,42.5
0,0,0,0,0.161,0,42.2
0,0,0,0,0,0.161,41.6
0,0,0,0,0,0,40.7
0,0,0,0,0,0,40.1
0,0,0,0,0,0,38.9
0,0,0,0,0,0,37.7
0,0,0,0,0,0,36.8
0,0,0,0,0,0,35.9
0,0,0,0,0,0,35.3
0,0,0,0,0,0,34.4
0,0,0,0,0,0,33.5
0,0,0,0,0,0,32.9
0,0,0,0,0,0,31.4
0,0,0,0,0,0,30.2
0,0,0,0,0,0,29.3
0,0,0,0,0,0,28.8
0,0,0,0,0,0,28.4
0,0,0,0,0,0,27.9
0,0,0,0,0,0,27.7
0,0,0,0,0,0,27.3
0,0,0,0,0,0,27
0,0,0,0,0,0,26.8
0,0,0,0,0,0,26.4
0,0,0,0,0,0,26.4
0,0,0,0,0,0,26.4
0,0,0,0,0,0,26.4
0,0,0,0,0,0,25.7
0,0,0,0,0,0,25.7
0,0,0,0,0,0,25.5
0,0,0,0,0,0,25.1
0,0,0,0,0,0,25.1
0,0,0,0,0,0,24.9
0,0,0,0,0,0,24.4
0,0,0,0,0,0,24.4
0.46,0,0,0,0,0,24
0,0.46,0,0,0,0,23.8
0,0,0.46,0,0,0,23.8
0,0,0,0.46,0,0,23.2
0,0,0,0,0.46,0,23.2
0,0,0,0,0,0.46,22.7
0,0,0,0,0,0,22.5
0,0,0,0,0,0,22.5
1.827,0,0,0,0,0,26.8
37.369,1.827,0,0,0,0,179.2
11.503,37.369,1.827,0,0,0,144.3
0,11.503,37.369,1.827,0,0,32.9
0,0,11.503,37.369,1.827,0,30.5
0,0,0,11.503,37.369,1.827,29.3
0,0,0,0,11.503,37.369,28.1
0,0,0,0,0,11.503,27.3
0.721,0,0,0,0,0,31.2
1.612,0.721,0,0,0,0,31.1
0,1.612,0.721,0,0,0,27.5
0,0,1.612,0.721,0,0,26.4
0,0,0,1.612,0.721,0,25.7
15.552,0,0,0,1.612,0.721,26.4
10.335,15.552,0,0,0,1.612,72.8
0,10.335,15.552,0,0,0,50
0,0,10.335,15.552,0,0,35.3
0,0,0,10.335,15.552,0,29.5
0,0,0,0,10.335,15.552,26.2
0,0,0,0,0,10.335,25.7
0,0,0,0,0,0,25.1
0,0,0,0,0,0,24.4
0,0,0,0,0,0,23.8
0,0,0,0,0,0,23.4
0,0,0,0,0,0,23.2
0,0,0,0,0,0,22.5
0,0,0,0,0,0,22.3
0,0,0,0,0,0,21.9
0,0,0,0,0,0,21.8
0,0,0,0,0,0,21.4
0,0,0,0,0,0,21.4
0,0,0,0,0,0,20.8
3.339,0,0,0,0,0,20.8
0,3.339,0,0,0,0,20.5
0,0,3.339,0,0,0,20.3
0,0,0,3.339,0,0,19.8
0,0,0,0,3.339,0,19.2
0,0,0,0,0,3.339,18.8
0,0,0,0,0,0,18.5
0,0,0,0,0,0,18.1
0,0,0,0,0,0,18.1
0,0,0,0,0,0,17.7
0,0,0,0,0,0,17.6
0,0,0,0,0,0,17.6
0,0,0,0,0,0,17.2
0,0,0,0,0,0,17
0,0,0,0,0,0,17
0,0,0,0,0,0,16.8
0,0,0,0,0,0,16.6
0,0,0,0,0,0,16.6
0,0,0,0,0,0,16.4
0,0,0,0,0,0,16.3
1.953,0,0,0,0,0,16.3
0,1.953,0,0,0,0,16.3
0,0,1.953,0,0,0,16
3.981,0,0,1.953,0,0,18.2
1.35,3.981,0,0,1.953,0,19.4
0,1.35,3.981,0,0,1.953,19.9
1.449,0,1.35,3.981,0,0,19.8
0,1.449,0,1.35,3.981,0,19
0,0,1.449,0,1.35,3.981,18.3
0,0,0,1.449,0,1.35,17.4
0,0,0,0,1.449,0,17
0,0,0,0,0,1.449,16.6
0,0,0,0,0,0,16.3
0,0,0,0,0,0,16.3
0,0,0,0,0,0,16
0,0,0,0,0,0,15.7
0,0,0,0,0,0,15.6
0,0,0,0,0,0,15.2
0,0,0,0,0,0,15.2
0,0,0,0,0,0,14.9
0,0,0,0,0,0,14.9
0,0,0,0,0,0,14.7
0,0,0,0,0,0,14.6
0,0,0,0,0,0,14.9
1.334,0,0,0,0,0,15.6
0.35,1.334,0,0,0,0,15.2
0,0.35,1.334,0,0,0,15.8
0.46,0,0.35,1.334,0,0,24
0,0.46,0,0.35,1.334,0,17.7
0,0,0.46,0,0.35,1.334,16.1
0,0,0,0.46,0,0.35,16
0.92,0,0,0,0.46,0,15.6
0.069,0.92,0,0,0,0.46,16.2
1.68,0.069,0.92,0,0,0,16.3
1.12,1.68,0.069,0.92,0,0,16
0,1.12,1.68,0.069,0.92,0,15.6
0,0,1.12,1.68,0.069,0.92,15.2
0,0,0,1.12,1.68,0.069,15
0,0,0,0,1.12,1.68,14.6
0,0,0,0,0,1.12,14.4
0,0,0,0,0,0,14.2
0,0,0,0,0,0,14.1
0,0,0,0,0,0,14.6
0,0,0,0,0,0,15.4
0,0,0,0,0,0,15
0,0,0,0,0,0,14.6
0,0,0,0,0,0,14.2
0,0,0,0,0,0,13.8
0,0,0,0,0,0,13.8
0,0,0,0,0,0,13.8
0,0,0,0,0,0,13.8
0,0,0,0,0,0,13.5
0,0,0,0,0,0,13.5
0,0,0,0,0,0,13.5
1.529,0,0,0,0,0,13.5
0.35,1.529,0,0,0,0,13.2
0,0.35,1.529,0,0,0,13.2
0,0,0.35,1.529,0,0,12.9
0,0,0,0.35,1.529,0,12.9
0,0,0,0,0.35,1.529,12.7
0,0,0,0,0,0.35,12.6
0,0,0,0,0,0,12.6
0,0,0,0,0,0,12.3
0,0,0,0,0,0,12.3
0,0,0,0,0,0,12.3
0,0,0,0,0,0,12.3
0,0,0,0,0,0,12.9
0,0,0,0,0,0,12.8
0,0,0,0,0,0,12.9
0.161,0,0,0,0,0,12.7
0,0.161,0,0,0,0,12.6
0,0,0.161,0,0,0,12.6
0,0,0,0.161,0,0,12.3
0,0,0,0,0.161,0,12.3
0,0,0,0,0,0.161,12.6
0,0,0,0,0,0,12.4
0,0,0,0,0,0,12.9
0,0,0,0,0,0,12.6
0,0,0,0,0,0,12.3
0,0,0,0,0,0,12.3
0,0,0,0,0,0,12.1
0,0,0,0,0,0,12
0,0,0,0,0,0,11.7
0,0,0,0,0,0,11.5
0,0,0,0,0,0,11.4
1.323,0,0,0,0,0,11.5
15.877,1.323,0,0,0,0,14.9
7.079,15.877,1.323,0,0,0,14.9
6.122,7.079,15.877,1.323,0,0,19.9
0,6.122,7.079,15.877,1.323,0,17.7
2.818,0,6.122,7.079,15.877,1.323,16.4
10.143,2.818,0,6.122,7.079,15.877,16.3
0.782,10.143,2.818,0,6.122,7.079,17.2
6.85,0.782,10.143,2.818,0,6.122,52.8
2.124,6.85,0.782,10.143,2.818,0,41.9
0.719,2.124,6.85,0.782,10.143,2.818,28.1
2.081,0.719,2.124,6.85,0.782,10.143,33.8
22.019,2.081,0.719,2.124,6.85,0.782,57
5.506,22.019,2.081,0.719,2.124,6.85,156.7
44.509,5.506,22.019,2.081,0.719,2.124,149.3
10.515,44.509,5.506,22.019,2.081,0.719,265.2
12.6,10.515,44.509,5.506,22.019,2.081,154.2
18.972,12.6,10.515,44.509,5.506,22.019,156.1
16.265,18.972,12.6,10.515,44.509,5.506,150.3
0,16.265,18.972,12.6,10.515,44.509,61.2
7.122,0,16.265,18.972,12.6,10.515,55.2
32.256,7.122,0,16.265,18.972,12.6,241.9
0,32.256,7.122,0,16.265,18.972,144.9
1.485,0,32.256,7.122,0,16.265,50.4
0.63,1.485,0,32.256,7.122,0,33.8
3.709,0.63,1.485,0,32.256,7.122,35.4
0,3.709,0.63,1.485,0,32.256,57.5
0,0,3.709,0.63,1.485,0,40.4
2.583,0,0,3.709,0.63,1.485,30.8
6.489,2.583,0,0,3.709,0.63,34.4
6.739,6.489,2.583,0,0,3.709,35.6
3.883,6.739,6.489,2.583,0,0,37.4
13.532,3.883,6.739,6.489,2.583,0,147
1.736,13.532,3.883,6.739,6.489,2.583,71.6
7.171,1.736,13.532,3.883,6.739,6.489,95.5
19.341,7.171,1.736,13.532,3.883,6.739,199.4
12.663,19.341,7.171,1.736,13.532,3.883,222
0.483,12.663,19.341,7.171,1.736,13.532,98.5
3.261,0.483,12.663,19.341,7.171,1.736,98.9
1.039,3.261,0.483,12.663,19.341,7.171,82.4
5.376,1.039,3.261,0.483,12.663,19.341,81.2
3.38,5.376,1.039,3.261,0.483,12.663,71.2
0.833,3.38,5.376,1.039,3.261,0.483,66.4
0,0.833,3.38,5.376,1.039,3.261,64.4
6.532,0,0.833,3.38,5.376,1.039,68
3.983,6.532,0,0.833,3.38,5.376,56.5
0,3.983,6.532,0,0.833,3.38,64.7
1.381,0,3.983,6.532,0,0.833,73.2
7.131,1.381,0,3.983,6.532,0,65.2
5.869,7.131,1.381,0,3.983,6.532,64
57.977,5.869,7.131,1.381,0,3.983,272
6.007,57.977,5.869,7.131,1.381,0,250
38.474,6.007,57.977,5.869,7.131,1.381,434
85.375,38.474,6.007,57.977,5.869,7.131,576
10.507,85.375,38.474,6.007,57.977,5.869,1660
39.698,10.507,85.375,38.474,6.007,57.977,785
22.273,39.698,10.507,85.375,38.474,6.007,858
19.468,22.273,39.698,10.507,85.375,38.474,597
7.624,19.468,22.273,39.698,10.507,85.375,587
11.893,7.624,19.468,22.273,39.698,10.507,431
11.301,11.893,7.624,19.468,22.273,39.698,432
18.543,11.301,11.893,7.624,19.468,22.273,582
0.77,18.543,11.301,11.893,7.624,19.468,472
43.645,0.77,18.543,11.301,11.893,7.624,832
38.082,43.645,0.77,18.543,11.301,11.893,974
12.689,38.082,43.645,0.77,18.543,11.301,548
9.643,12.689,38.082,43.645,0.77,18.543,337
5.383,9.643,12.689,38.082,43.645,0.77,250
9.158,5.383,9.643,12.689,38.082,43.645,221
4.352,9.158,5.383,9.643,12.689,38.082,283
0,4.352,9.158,5.383,9.643,12.689,305
0.92,0,4.352,9.158,5.383,9.643,218
25.503,0.92,0,4.352,9.158,5.383,413
0,25.503,0.92,0,4.352,9.158,202
0,0,25.503,0.92,0,4.352,225
0,0,0,25.503,0.92,0,181
3.517,0,0,0,25.503,0.92,214
29.152,3.517,0,0,0,25.503,231
67.739,29.152,3.517,0,0,0,684
29.609,67.739,29.152,3.517,0,0,1460
14.882,29.609,67.739,29.152,3.517,0,750
6.591,14.882,29.609,67.739,29.152,3.517,414
1.976,6.591,14.882,29.609,67.739,29.152,333
0.652,1.976,6.591,14.882,29.609,67.739,312
1.362,0.652,1.976,6.591,14.882,29.609,287
9.155,1.362,0.652,1.976,6.591,14.882,273
7.412,9.155,1.362,0.652,1.976,6.591,225
3.638,7.412,9.155,1.362,0.652,1.976,234
4.485,3.638,7.412,9.155,1.362,0.652,220
3.68,4.485,3.638,7.412,9.155,1.362,194
6.21,3.68,4.485,3.638,7.412,9.155,198
0.644,6.21,3.68,4.485,3.638,7.412,196
8.412,0.644,6.21,3.68,4.485,3.638,204
10.286,8.412,0.644,6.21,3.68,4.485,255
0.529,10.286,8.412,0.644,6.21,3.68,164
0.138,0.529,10.286,8.412,0.644,6.21,121
9.181,0.138,0.529,10.286,8.412,0.644,204
6.237,9.181,0.138,0.529,10.286,8.412,241
0.738,6.237,9.181,0.138,0.529,10.286,142
0.56,0.738,6.237,9.181,0.138,0.529,119
19.248,0.56,0.738,6.237,9.181,0.138,289
7.486,19.248,0.56,0.738,6.237,9.181,268
18.564,7.486,19.248,0.56,0.738,6.237,329
3.328,18.564,7.486,19.248,0.56,0.738,302
0.391,3.328,18.564,7.486,19.248,0.56,189
0.851,0.391,3.328,18.564,7.486,19.248,167
0.345,0.851,0.391,3.328,18.564,7.486,169
0.63,0.345,0.851,0.391,3.328,18.564,142
0.541,0.63,0.345,0.851,0.391,3.328,130
1.953,0.541,0.63,0.345,0.851,0.391,159
0.336,1.953,0.541,0.63,0.345,0.851,198
0,0.336,1.953,0.541,0.63,0.345,178
7.935,0,0.336,1.953,0.541,0.63,259
0.364,7.935,0,0.336,1.953,0.541,230
0.924,0.364,7.935,0,0.336,1.953,222
26.251,0.924,0.364,7.935,0,0.336,229
40.721,26.251,0.924,0.364,7.935,0,570
86.621,40.721,26.251,0.924,0.364,7.935,682
21.819,86.621,40.721,26.251,0.924,0.364,1223
5.955,21.819,86.621,40.721,26.251,0.924,610
24.633,5.955,21.819,86.621,40.721,26.251,578
19.178,24.633,5.955,21.819,86.621,40.721,528
2.243,19.178,24.633,5.955,21.819,86.621,270
1.656,2.243,19.178,24.633,5.955,21.819,295
1.049,1.656,2.243,19.178,24.633,5.955,202
4.055,1.049,1.656,2.243,19.178,24.633,224
1.88,4.055,1.049,1.656,2.243,19.178,180
0.252,1.88,4.055,1.049,1.656,2.243,155
0.391,0.252,1.88,4.055,1.049,1.656,121
3.22,0.391,0.252,1.88,4.055,1.049,182
0.46,3.22,0.391,0.252,1.88,4.055,204
2.507,0.46,3.22,0.391,0.252,1.88,209
5.405,2.507,0.46,3.22,0.391,0.252,234
4.295,5.405,2.507,0.46,3.22,0.391,241
0.69,4.295,5.405,2.507,0.46,3.22,184
13.464,0.69,4.295,5.405,2.507,0.46,203
18.54,13.464,0.69,4.295,5.405,2.507,231
0.437,18.54,13.464,0.69,4.295,5.405,232
9.812,0.437,18.54,13.464,0.69,4.295,169
2.925,9.812,0.437,18.54,13.464,0.69,352
84.758,2.925,9.812,0.437,18.54,13.464,365
12.625,84.758,2.925,9.812,0.437,18.54,872
0.14,12.625,84.758,2.925,9.812,0.437,354
0,0.14,12.625,84.758,2.925,9.812,202
0,0,0.14,12.625,84.758,2.925,165
0,0,0,0.14,12.625,84.758,144
0,0,0,0,0.14,12.625,118
0,0,0,0,0,0.14,105
0,0,0,0,0,0,99.8
1.953,0,0,0,0,0,99.8
0,1.953,0,0,0,0,98.5
0.598,0,1.953,0,0,0,103
0.46,0.598,0,1.953,0,0,102
4.347,0.46,0.598,0,1.953,0,95
3.91,4.347,0.46,0.598,0,1.953,88.8
0.046,3.91,4.347,0.46,0.598,0,79.6
0,0.046,3.91,4.347,0.46,0.598,74.4
0,0,0.046,3.91,4.347,0.46,69.6
0,0,0,0.046,3.91,4.347,67.2
0.345,0,0,0,0.046,3.91,65.6
0,0.345,0,0,0,0.046,68
0,0,0.345,0,0,0,75.2
0.046,0,0,0.345,0,0,61.6
0,0.046,0,0,0.345,0,59.2
0,0,0.046,0,0,0.345,54.5
0,0,0,0.046,0,0,53
0,0,0,0,0.046,0,51.5
0,0,0,0,0,0.046,50.3
0,0,0,0,0,0,50.3
0,0,0,0,0,0,49.7
0,0,0,0,0,0,48.8
0,0,0,0,0,0,48.2
0,0,0,0,0,0,47
0,0,0,0,0,0,45.5
0,0,0,0,0,0,44
0,0,0,0,0,0,42.5
0,0,0,0,0,0,40.7
0,0,0,0,0,0,39.8
0,0,0,0,0,0,39.2
0,0,0,0,0,0,38
0,0,0,0,0,0,36.8
0,0,0,0,0,0,36.2
0,0,0,0,0,0,35.3
0,0,0,0,0,0,34.1
0,0,0,0,0,0,33.2
0,0,0,0,0,0,32.6
0,0,0,0,0,0,32.3
0,0,0,0,0,0,31.4
0,0,0,0,0,0,30.8
0,0,0,0,0,0,30.2
0,0,0,0,0,0,29.9
0,0,0,0,0,0,29.6
0,0,0,0,0,0,29
0,0,0,0,0,0,29
0,0,0,0,0,0,28.4
0,0,0,0,0,0,28.4
0,0,0,0,0,0,27.7
0,0,0,0,0,0,27.3
0,0,0,0,0,0,27
0,0,0,0,0,0,26.4
0,0,0,0,0,0,26.4
0,0,0,0,0,0,25.7
0,0,0,0,0,0,25.7
0,0,0,0,0,0,25.1
0,0,0,0,0,0,25.1
0,0,0,0,0,0,24.7
0,0,0,0,0,0,24.4
0,0,0,0,0,0,23.8
0,0,0,0,0,0,23.8
0,0,0,0,0,0,23.8
0,0,0,0,0,0,23.2
0,0,0,0,0,0,23.2
0,0,0,0,0,0,23.2
0,0,0,0,0,0,22.7
0,0,0,0,0,0,22.5
0,0,0,0,0,0,22.5
0.161,0,0,0,0,0,22.5
0,0.161,0,0,0,0,21.9
0,0,0.161,0,0,0,21.9
0,0,0,0.161,0,0,21.9
0,0,0,0,0.161,0,21.6
0,0,0,0,0,0.161,21.4
0,0,0,0,0,0,21.4
0,0,0,0,0,0,21.4
0,0,0,0,0,0,20.8
0,0,0,0,0,0,20.8
0,0,0,0,0,0,20.7
0,0,0,0,0,0,20.3
0,0,0,0,0,0,20.3
0,0,0,0,0,0,20.3
0,0,0,0,0,0,20.3
0,0,0,0,0,0,19.8
0,0,0,0,0,0,19.8
0,0,0,0,0,0,19.8
0,0,0,0,0,0,19.8
0,0,0,0,0,0,19.2
0,0,0,0,0,0,19.2
0,0,0,0,0,0,19.2
0,0,0,0,0,0,19.2
0,0,0,0,0,0,18.6
0,0,0,0,0,0,18.6
0,0,0,0,0,0,18.6
0,0,0,0,0,0,18.1
0,0,0,0,0,0,18.1
0,0,0,0,0,0,18.1
0,0,0,0,0,0,18.3
0,0,0,0,0,0,18.5
0,0,0,0,0,0,18.1
0,0,0,0,0,0,18.1
0,0,0,0,0,0,18.1
0,0,0,0,0,0,18.1
0,0,0,0,0,0,17.6
0,0,0,0,0,0,17.6
0,0,0,0,0,0,17.6
0,0,0,0,0,0,17.6
0,0,0,0,0,0,17.6
0,0,0,0,0,0,18.1
0,0,0,0,0,0,17.6
0,0,0,0,0,0,17.6
0,0,0,0,0,0,17
0,0,0,0,0,0,17
0,0,0,0,0,0,16.8
0,0,0,0,0,0,16.6
0,0,0,0,0,0,16.6
0,0,0,0,0,0,16.6
0,0,0,0,0,0,16.3
0,0,0,0,0,0,16.3
0,0,0,0,0,0,16
0,0,0,0,0,0,16
0,0,0,0,0,0,15.7
0,0,0,0,0,0,16.1
0,0,0,0,0,0,17.6
0,0,0,0,0,0,17
0,0,0,0,0,0,16.2
0,0,0,0,0,0,16.6
8.724,0,0,0,0,0,37
0,8.724,0,0,0,0,17.4
0.023,0,8.724,0,0,0,17.6
31.272,0.023,0,8.724,0,0,102.9
4.138,31.272,0.023,0,8.724,0,34.7
0,4.138,31.272,0.023,0,8.724,21.9
0,0,4.138,31.272,0.023,0,20.3
0,0,0,4.138,31.272,0.023,19.2
6.76,0,0,0,4.138,31.272,28.8
0,6.76,0,0,0,4.138,18.6
2.067,0,6.76,0,0,0,19.6
5.338,2.067,0,6.76,0,0,29.6
0,5.338,2.067,0,6.76,0,19.8
1.195,0,5.338,2.067,0,6.76,20.3
0.91,1.195,0,5.338,2.067,0,19.2
0.256,0.91,1.195,0,5.338,2.067,18.6
0.769,0.256,0.91,1.195,0,5.338,18.1
1.811,0.769,0.256,0.91,1.195,0,18.6
1.014,1.811,0.769,0.256,0.91,1.195,18.6
0,1.014,1.811,0.769,0.256,0.91,18.1
0,0,1.014,1.811,0.769,0.256,18.1
0,0,0,1.014,1.811,0.769,17.6
0,0,0,0,1.014,1.811,17.2
0,0,0,0,0,1.014,17
0,0,0,0,0,0,16.8
0,0,0,0,0,0,16.4
2.729,0,0,0,0,0,20.3
0.046,2.729,0,0,0,0,16.3
6.742,0.046,2.729,0,0,0,26.7
23.033,6.742,0.046,2.729,0,0,152.5
0.839,23.033,6.742,0.046,2.729,0,52.3
0,0.839,23.033,6.742,0.046,2.729,21.9
0,0,0.839,23.033,6.742,0.046,20.1
0,0,0,0.839,23.033,6.742,18.3
0,0,0,0,0.839,23.033,17.6
0,0,0,0,0,0.839,16.8
0.21,0,0,0,0,0,16.3
0,0.21,0,0,0,0,16.1
0,0,0.21,0,0,0,16
0,0,0,0.21,0,0,16
5.361,0,0,0,0.21,0,26.2
3.519,5.361,0,0,0,0.21,19.9
1.096,3.519,5.361,0,0,0,19
0,1.096,3.519,5.361,0,0,16.9
0.49,0,1.096,3.519,5.361,0,17
0.53,0.49,0,1.096,3.519,5.361,17.4
8.268,0.53,0.49,0,1.096,3.519,37.2
0.023,8.268,0.53,0.49,0,1.096,18.1
0,0.023,8.268,0.53,0.49,0,17
0,0,0.023,8.268,0.53,0.49,16.3
2.815,0,0,0.023,8.268,0.53,16
0,2.815,0,0,0.023,8.268,16
11.134,0,2.815,0,0,0.023,116.3
2.74,11.134,0,2.815,0,0,72.8
0.092,2.74,11.134,0,2.815,0,18.1
0,0.092,2.74,11.134,0,2.815,16.5
9.009,0,0.092,2.74,11.134,0,76.6
6.432,9.009,0,0.092,2.74,11.134,68.6
0,6.432,9.009,0,0.092,2.74,18.3
0,0,6.432,9.009,0,0.092,17
0,0,0,6.432,9.009,0,16.5
12.789,0,0,0,6.432,9.009,116.2
0.957,12.789,0,0,0,6.432,20.5
0,0.957,12.789,0,0,0,17.5
0,0,0.957,12.789,0,0,15.6
0,0,0,0.957,12.789,0,15.2
0,0,0,0,0.957,12.789,15.1
5.338,0,0,0,0,0.957,35.2
3.822,5.338,0,0,0,0,26.3
0.115,3.822,5.338,0,0,0,16
0,0.115,3.822,5.338,0,0,15.6
0,0,0.115,3.822,5.338,0,15.4
0,0,0,0.115,3.822,5.338,14.9
17.829,0,0,0,0.115,3.822,214.8
8.536,17.829,0,0,0,0.115,129.6
3.438,8.536,17.829,0,0,0,121.8
7.093,3.438,8.536,17.829,0,0,190
7.662,7.093,3.438,8.536,17.829,0,190.9
27.515,7.662,7.093,3.438,8.536,17.829,232
1,27.515,7.662,7.093,3.438,8.536,63.6
0,1,27.515,7.662,7.093,3.438,26.4
0,0,1,27.515,7.662,7.093,22.4
10.21,0,0,1,27.515,7.662,122
0.851,10.21,0,0,1,27.515,23.4
5.068,0.851,10.21,0,0,1,51
28.162,5.068,0.851,10.21,0,0,272.8
0.14,28.162,5.068,0.851,10.21,0,30.3
0,0.14,28.162,5.068,0.851,10.21,25.3
2.162,0,0.14,28.162,5.068,0.851,24
0.77,2.162,0,0.14,28.162,5.068,27.1
2.093,0.77,2.162,0,0.14,28.162,28.9
0.434,2.093,0.77,2.162,0,0.14,27.7
0.391,0.434,2.093,0.77,2.162,0,25.1
28.413,0.391,0.434,2.093,0.77,2.162,268.4
0,28.413,0.391,0.434,2.093,0.77,31.7
0.046,0,28.413,0.391,0.434,2.093,26.2
10.549,0.046,0,28.413,0.391,0.434,127.1
0.68,10.549,0.046,0,28.413,0.391,54
23.754,0.68,10.549,0.046,0,28.413,239.1
13.22,23.754,0.68,10.549,0.046,0,173.2
7.539,13.22,23.754,0.68,10.549,0.046,147.9
1.846,7.539,13.22,23.754,0.68,10.549,42.5
0.386,1.846,7.539,13.22,23.754,0.68,41.3
8.783,0.386,1.846,7.539,13.22,23.754,39.8
0,8.783,0.386,1.846,7.539,13.22,59.4
13.209,0,8.783,0.386,1.846,7.539,144.3
3.032,13.209,0,8.783,0.386,1.846,104
17.746,3.032,13.209,0,8.783,0.386,226
3.612,17.746,3.032,13.209,0,8.783,75.6
0,3.612,17.746,3.032,13.209,0,66.8
12.927,0,3.612,17.746,3.032,13.209,169.6
10.898,12.927,0,3.612,17.746,3.032,175.7
9.16,10.898,12.927,0,3.612,17.746,104
0.552,9.16,10.898,12.927,0,3.612,57.7
11.02,0.552,9.16,10.898,12.927,0,162.3
9.327,11.02,0.552,9.16,10.898,12.927,148.5
0,9.327,11.02,0.552,9.16,10.898,41
3.402,0,9.327,11.02,0.552,9.16,40.4
4.316,3.402,0,9.327,11.02,0.552,38
20.11,4.316,3.402,0,9.327,11.02,267
0,20.11,4.316,3.402,0,9.327,78.2
0,0,20.11,4.316,3.402,0,72.5
0,0,0,20.11,4.316,3.402,70.8
9.439,0,0,0,20.11,4.316,143.1
0,9.439,0,0,0,20.11,57.9
18.559,0,9.439,0,0,0,264.5
0.598,18.559,0,9.439,0,0,62.4
10.166,0.598,18.559,0,9.439,0,189.9
4.102,10.166,0.598,18.559,0,9.439,112
20.161,4.102,10.166,0.598,18.559,0,287.4
9.66,20.161,4.102,10.166,0.598,18.559,115
2.045,9.66,20.161,4.102,10.166,0.598,92.5
5.867,2.045,9.66,20.161,4.102,10.166,128
1.82,5.867,2.045,9.66,20.161,4.102,191
8.324,1.82,5.867,2.045,9.66,20.161,112
54.488,8.324,1.82,5.867,2.045,9.66,348
20.205,54.488,8.324,1.82,5.867,2.045,499
10.777,20.205,54.488,8.324,1.82,5.867,243
16.135,10.777,20.205,54.488,8.324,1.82,319
18.381,16.135,10.777,20.205,54.488,8.324,410
4.314,18.381,16.135,10.777,20.205,54.488,329
13.781,4.314,18.381,16.135,10.777,20.205,246
7.13,13.781,4.314,18.381,16.135,10.777,212
0.422,7.13,13.781,4.314,18.381,16.135,132
7.115,0.422,7.13,13.781,4.314,18.381,132
3.118,7.115,0.422,7.13,13.781,4.314,107
61.877,3.118,7.115,0.422,7.13,13.781,538
112.9,61.877,3.118,7.115,0.422,7.13,921
20.15,112.9,61.877,3.118,7.115,0.422,2020
