Date,Qt,P
01/10/2000,42.7,12.9
02/10/2000,46.86,2.9
03/10/2000,48.49,7.7
04/10/2000,45.84,7.7
05/10/2000,45.74,1.1
06/10/2000,41.22,2.8
07/10/2000,37.42,1.6
08/10/2000,38.01,11.8
09/10/2000,70.3,15.7
10/10/2000,73.51,21.4
11/10/2000,96.17,10.3
12/10/2000,132.6,21.9
13/10/2000,119.7,2.7
14/10/2000,85.28,4.8
15/10/2000,66.43,0.7
16/10/2000,52.92,2.4
17/10/2000,66.25,16.9
18/10/2000,69.45,2.4
19/10/2000,55.04,7.4
20/10/2000,58.58,3.9
21/10/2000,48.01,0
22/10/2000,46.4,10.7
23/10/2000,50.37,2.9
24/10/2000,47.48,8.3
25/10/2000,48.82,0.1
26/10/2000,45.35,16.8
27/10/2000,64.34,8.2
28/10/2000,133,24.7
29/10/2000,183.2,54
30/10/2000,293.8,13.2
31/10/2000,204.6,5
01/11/2000,144,12.5
02/11/2000,128.9,12.7
03/11/2000,108,4.9
04/11/2000,89.19,1.6
05/11/2000,109.8,25.8
06/11/2000,124.6,1
07/11/2000,94.47,5.2
08/11/2000,95.28,12.8
09/11/2000,79.65,2
10/11/2000,70.1,9.3
11/11/2000,79.21,13.6
12/11/2000,76.5,2
13/11/2000,65.17,5.7
14/11/2000,72.2,7.3
15/11/2000,62.7,11.8
16/11/2000,64.09,4
17/11/2000,56.35,2.5
18/11/2000,52.98,17.3
19/11/2000,79.04,11.2
20/11/2000,92.64,9.7
21/11/2000,106.2,19.9
22/11/2000,115.2,7.8
23/11/2000,98.36,2.9
24/11/2000,77.53,4.1
25/11/2000,85.55,17.5
26/11/2000,88.05,2.6
27/11/2000,85.84,23.3
28/11/2000,122,5.1
29/11/2000,98.91,2.5
30/11/2000,110.4,36.4
01/12/2000,203,5.4
02/12/2000,128,4.8
03/12/2000,110.4,25.3
04/12/2000,165.2,28.7
05/12/2000,222,13.1
06/12/2000,184.2,7.7
07/12/2000,169.7,29
08/12/2000,175.8,3.8
09/12/2000,136.8,13.5
10/12/2000,133.6,33.1
11/12/2000,222,12.5
12/12/2000,209.8,19.4
13/12/2000,175.1,9
14/12/2000,137.7,18.3
15/12/2000,140.5,5.6
16/12/2000,118.8,7.6
17/12/2000,93.95,1.5
18/12/2000,69.56,1.5
19/12/2000,69.99,8.3
20/12/2000,57.26,0.1
21/12/2000,48.65,0
22/12/2000,43.42,0
23/12/2000,39.55,2.1
24/12/2000,38.09,3
25/12/2000,35.06,0
26/12/2000,30,0
27/12/2000,26.47,7.8
28/12/2000,24.29,0.8
29/12/2000,22.04,3.1
30/12/2000,20.73,1.2
31/12/2000,67.59,21.1
01/01/2001,76,20.9
02/01/2001,112.7,4.6
03/01/2001,90.65,6.5
04/01/2001,73.49,2.5
05/01/2001,58.97,2
06/01/2001,49.6,1
07/01/2001,45.02,8.5
08/01/2001,52.58,0.3
09/01/2001,43.01,0
10/01/2001,38.05,0
11/01/2001,34.37,0
12/01/2001,29.93,0
13/01/2001,26.23,0
14/01/2001,23.58,0
15/01/2001,21.68,0
16/01/2001,19.89,0
17/01/2001,18.34,0
18/01/2001,16.9,0.1
19/01/2001,15.92,0
20/01/2001,15.23,11.7
21/01/2001,20.42,4.7
22/01/2001,42.08,16.2
23/01/2001,62.84,18.4
24/01/2001,64.26,6.8
25/01/2001,59.83,3.9
26/01/2001,51.29,1.7
27/01/2001,43.32,0
28/01/2001,38.14,1.5
29/01/2001,35.89,5.2
30/01/2001,36.91,3.3
31/01/2001,36.98,0.1
01/02/2001,32.15,4
02/02/2001,31.88,7.7
03/02/2001,40.85,14
04/02/2001,70.29,9.9
05/02/2001,72.81,8.7
06/02/2001,71.53,5.2
07/02/2001,63.49,0.9
08/02/2001,50.27,0
09/02/2001,41.78,1.5
10/02/2001,46.12,18.4
11/02/2001,84.19,32.1
12/02/2001,157.5,2.3
13/02/2001,114.8,0
14/02/2001,72.63,0.1
15/02/2001,51.57,0.6
16/02/2001,43.32,0
17/02/2001,38.02,0
18/02/2001,33.66,0.1
19/02/2001,29.04,0.5
20/02/2001,26.2,0.5
21/02/2001,23.74,1.1
22/02/2001,22.53,1.3
23/02/2001,21.8,1.2
24/02/2001,19.85,1.3
25/02/2001,18.16,10.1
26/02/2001,30.13,5.5
27/02/2001,24.1,1
28/02/2001,20.31,0.4
01/03/2001,18.22,0
02/03/2001,16.95,0
03/03/2001,16.09,0
04/03/2001,15.4,0
05/03/2001,14.61,0
06/03/2001,20.08,19.2
07/03/2001,37.88,2.1
08/03/2001,27.91,1.2
09/03/2001,28.13,12.2
10/03/2001,38.37,3.1
11/03/2001,37.02,0.9
12/03/2001,40.89,15.1
13/03/2001,53.21,0.3
14/03/2001,44.47,0.7
15/03/2001,39.38,3.5
16/03/2001,40.54,7.7
17/03/2001,44.03,1.4
18/03/2001,37.38,0
19/03/2001,34.19,0
20/03/2001,31.25,7.4
21/03/2001,39.28,7.3
22/03/2001,38.13,4.1
23/03/2001,40.56,4.2
24/03/2001,37.4,0
25/03/2001,33.08,0
26/03/2001,29.63,4.9
27/03/2001,41.65,9.4
28/03/2001,36.61,2.9
29/03/2001,33.79,2.1
30/03/2001,29.43,3.1
31/03/2001,32.55,3.6
01/04/2001,29.54,2.6
02/04/2001,35.06,6.5
03/04/2001,56.56,31.8
04/04/2001,88.19,4.3
05/04/2001,84.69,8.8
06/04/2001,66.91,3.9
07/04/2001,55.31,0.8
08/04/2001,71.54,19.9
09/04/2001,75.74,3.5
10/04/2001,60.75,0.3
11/04/2001,48.78,0
12/04/2001,41.56,1.2
13/04/2001,37.87,0.5
14/04/2001,35.23,10.4
15/04/2001,41.12,0.6
16/04/2001,35.11,0
17/04/2001,27.97,1.7
18/04/2001,25.63,0.1
19/04/2001,22.98,0.4
20/04/2001,20.5,0
21/04/2001,18.89,7.3
22/04/2001,21.23,5.6
23/04/2001,20.75,0.7
24/04/2001,20.27,8.1
25/04/2001,21.6,1
26/04/2001,17.86,0
27/04/2001,16.25,5.7
28/04/2001,17.68,6.3
29/04/2001,19.08,0
30/04/2001,16.26,0
01/05/2001,13.94,0.1
02/05/2001,12.74,0
03/05/2001,11.94,0
04/05/2001,11.17,0
05/05/2001,10.49,0
06/05/2001,9.898,0
07/05/2001,9.406,0
08/05/2001,8.944,4.3
09/05/2001,9.145,1.5
10/05/2001,8.735,1.3
11/05/2001,8.467,0
12/05/2001,7.773,0
13/05/2001,7.56,4
14/05/2001,7.362,1
15/05/2001,7.149,1.1
16/05/2001,9.614,39.3
17/05/2001,47.6,7.6
18/05/2001,35.33,0
19/05/2001,22.56,0
20/05/2001,16.05,0
21/05/2001,14.01,0
22/05/2001,12.54,0
23/05/2001,11.25,0
24/05/2001,10.31,0
25/05/2001,9.559,0.1
26/05/2001,9.108,4.1
27/05/2001,9.656,2.9
28/05/2001,9.366,0
29/05/2001,8.5,0
30/05/2001,7.869,0.1
31/05/2001,7.406,0.2
01/06/2001,7.08,1
02/06/2001,6.823,0
03/06/2001,6.471,0
04/06/2001,6.186,0
05/06/2001,6.199,4.8
06/06/2001,6.22,2.6
07/06/2001,5.924,0.2
08/06/2001,5.659,0
09/06/2001,5.315,0.9
10/06/2001,5.035,0
11/06/2001,4.872,0
12/06/2001,4.75,0
13/06/2001,4.578,0
14/06/2001,4.594,10.7
15/06/2001,5.748,12.7
16/06/2001,6.88,1.2
17/06/2001,6.171,0
18/06/2001,5.025,0.3
19/06/2001,4.525,1.1
20/06/2001,4.227,0.2
21/06/2001,3.993,0
22/06/2001,3.809,0
23/06/2001,3.627,0
24/06/2001,3.465,0
25/06/2001,3.395,2.2
26/06/2001,3.326,0
27/06/2001,3.142,3.2
28/06/2001,3.146,1.8
29/06/2001,3.203,5.4
30/06/2001,3.354,0.3
01/07/2001,3.251,0.1
02/07/2001,3.054,0
03/07/2001,6.073,45.1
04/07/2001,18.17,6.1
05/07/2001,11.22,2.2
06/07/2001,7.251,4.5
07/07/2001,6.644,4.1
08/07/2001,6.262,0.2
09/07/2001,5.299,3.1
10/07/2001,5.584,5.2
11/07/2001,5.511,1.1
12/07/2001,5.041,1.7
13/07/2001,4.435,0.5
14/07/2001,4.121,1.4
15/07/2001,3.978,0.1
16/07/2001,3.735,1.1
17/07/2001,4.411,16.9
18/07/2001,6.555,1.3
19/07/2001,6.575,0
20/07/2001,5.334,7.9
21/07/2001,5.509,2
22/07/2001,5.725,0.2
23/07/2001,5.052,0
24/07/2001,4.521,0
25/07/2001,4.215,0
26/07/2001,3.958,0
27/07/2001,3.752,0
28/07/2001,3.529,0
29/07/2001,3.346,0
30/07/2001,3.199,1.2
31/07/2001,3.134,0.1
01/08/2001,3.096,0.2
02/08/2001,3.108,4.9
03/08/2001,3.333,0.6
04/08/2001,5.258,14.8
05/08/2001,5.18,8.4
06/08/2001,5.449,6.5
07/08/2001,7.113,5.7
08/08/2001,7.676,12
09/08/2001,12.39,1.6
10/08/2001,8.676,3.4
11/08/2001,7.631,18.4
12/08/2001,18.63,1.3
13/08/2001,18.96,0.8
14/08/2001,14.34,0.1
15/08/2001,18.03,16.1
16/08/2001,22.5,8.1
17/08/2001,29.73,2.2
18/08/2001,26.33,8.8
19/08/2001,32.73,2.3
20/08/2001,27.17,0
21/08/2001,19.52,2.7
22/08/2001,16.69,2.8
23/08/2001,15.2,1.6
24/08/2001,14.84,5.4
25/08/2001,15.48,0.1
26/08/2001,12.9,0
27/08/2001,10.97,0
28/08/2001,9.788,0
29/08/2001,9.107,3.8
30/08/2001,9.005,2.5
31/08/2001,8.659,2.7
01/09/2001,9.463,1.6
02/09/2001,9.091,8.6
03/09/2001,11.79,3.2
04/09/2001,13.13,1
05/09/2001,10.92,10.4
06/09/2001,18.59,0.1
07/09/2001,14.73,4.1
08/09/2001,12.82,0.2
09/09/2001,14.65,0
10/09/2001,10.54,1
11/09/2001,9.416,0
12/09/2001,9.685,11.5
13/09/2001,15.57,6.2
14/09/2001,19.89,0.7
15/09/2001,14.83,0.1
16/09/2001,11.18,0.4
17/09/2001,9.591,0
18/09/2001,8.687,0
19/09/2001,8.116,0
20/09/2001,7.601,0
21/09/2001,7.112,0
22/09/2001,6.749,0
23/09/2001,6.425,0
24/09/2001,6.226,0.7
25/09/2001,6.016,2.6
26/09/2001,6.088,8.7
27/09/2001,8.536,9.4
28/09/2001,12.83,10.4
29/09/2001,13.63,5
30/09/2001,41.86,31.5
01/10/2001,57.41,4.1
02/10/2001,39.19,1.8
03/10/2001,29.22,3
04/10/2001,30.72,19.6
05/10/2001,88.13,20.3
06/10/2001,86.93,15.9
07/10/2001,132.6,31.1
08/10/2001,155.3,5.1
09/10/2001,113.6,0.1
10/10/2001,80.43,5.7
11/10/2001,61.37,1.6
12/10/2001,48.87,0.2
13/10/2001,39.72,0.8
14/10/2001,35.96,7.5
15/10/2001,39.98,4.4
16/10/2001,36.18,0.4
17/10/2001,35.09,13.4
18/10/2001,42.02,0.4
19/10/2001,40.9,15.9
20/10/2001,49.17,0.1
21/10/2001,41.59,0.1
22/10/2001,37.38,4.4
23/10/2001,41.94,14.1
24/10/2001,52.34,5
25/10/2001,64.09,23.4
26/10/2001,109.6,9.7
27/10/2001,87.54,4
28/10/2001,68.32,0.1
29/10/2001,50.34,0.1
30/10/2001,43.59,8.1
31/10/2001,44.14,0.1
01/11/2001,38,0
02/11/2001,32.57,0
03/11/2001,28.56,2
04/11/2001,26.46,1.5
05/11/2001,24.44,0.8
06/11/2001,23.33,12
07/11/2001,46.96,24
08/11/2001,87.51,5.2
09/11/2001,80.34,0.2
10/11/2001,49.48,1.8
11/11/2001,39.35,6
12/11/2001,42.58,3
13/11/2001,40.62,2
14/11/2001,36.04,0.1
15/11/2001,30.32,0
16/11/2001,26.18,0
17/11/2001,23.73,0
18/11/2001,21.48,0
19/11/2001,19.62,0.6
20/11/2001,18.2,1.7
21/11/2001,17.43,4.5
22/11/2001,19.22,0
23/11/2001,17.35,0.5
24/11/2001,15.57,7.2
25/11/2001,31.14,9.1
26/11/2001,34.13,4
27/11/2001,33.81,4.3
28/11/2001,34.09,24.6
29/11/2001,77.45,16.9
30/11/2001,108.1,11.6
01/12/2001,117.4,1.4
02/12/2001,83.78,0.1
03/12/2001,81.7,18.8
04/12/2001,83.62,11.9
05/12/2001,84.59,0.1
06/12/2001,60.98,1.8
07/12/2001,51.09,1.3
08/12/2001,42.97,0
09/12/2001,38.05,0
10/12/2001,33.63,0
11/12/2001,28.49,0
12/12/2001,25.09,0
13/12/2001,22.63,0
14/12/2001,20.21,0
15/12/2001,18.31,0
16/12/2001,17.03,0
17/12/2001,15.67,0
18/12/2001,14.72,0.1
19/12/2001,14.38,2.9
20/12/2001,13.76,0.3
21/12/2001,13.52,4
22/12/2001,14.88,0.1
23/12/2001,12.88,3
24/12/2001,13.49,4.5
25/12/2001,23.22,12.4
26/12/2001,24.13,3.5
27/12/2001,32.86,2
28/12/2001,26.12,3.6
29/12/2001,24.93,1.8
30/12/2001,23.54,2.6
31/12/2001,20.48,0.2
01/01/2002,18.08,0.1
02/01/2002,17.25,0.5
03/01/2002,16.9,0
04/01/2002,15.95,3
05/01/2002,21.3,3.2
06/01/2002,22.6,0
07/01/2002,18.46,0
08/01/2002,16.45,0
09/01/2002,15.23,0
10/01/2002,14.3,0.1
11/01/2002,13.61,0
12/01/2002,13.22,1.3
13/01/2002,13.64,2.8
14/01/2002,14.45,4.9
15/01/2002,14.88,0.5
16/01/2002,14.34,7.4
17/01/2002,19.55,0.9
18/01/2002,25.23,7.7
19/01/2002,24.71,6.3
20/01/2002,37.58,6.9
21/01/2002,53.51,12.6
22/01/2002,63.71,16.2
23/01/2002,123.7,19
24/01/2002,111.6,3.2
25/01/2002,125.1,32
26/01/2002,160.3,5.8
27/01/2002,124.9,10.1
28/01/2002,96.14,0.2
29/01/2002,71.39,12.2
30/01/2002,80.26,5.9
31/01/2002,123.5,33.2
01/02/2002,235.9,35.6
02/02/2002,261.1,18.5
03/02/2002,195.8,2.2
04/02/2002,156.3,14.3
05/02/2002,121.9,6.2
06/02/2002,84.87,2.8
07/02/2002,74.11,7.8
08/02/2002,71.76,6.6
09/02/2002,65.22,2.1
10/02/2002,66.96,27.3
11/02/2002,116.8,2.3
12/02/2002,97.43,0.8
13/02/2002,69.89,0.9
14/02/2002,50.3,0
15/02/2002,42.65,0.1
16/02/2002,38.63,0
17/02/2002,36.32,4
18/02/2002,33.95,0.9
19/02/2002,42.72,22.2
20/02/2002,66.63,1.1
21/02/2002,59.22,8.1
22/02/2002,50.94,3.6
23/02/2002,47.08,2.4
24/02/2002,68.16,28.6
25/02/2002,130.4,23.8
26/02/2002,155.6,3.8
27/02/2002,111.8,3.7
28/02/2002,69.3,0.3
01/03/2002,50.6,0
02/03/2002,43.13,1.3
03/03/2002,39.61,0
04/03/2002,36.23,0.9
05/03/2002,32.28,4.9
06/03/2002,36.7,4.2
07/03/2002,34.44,0
08/03/2002,27.35,4.3
09/03/2002,27.11,3.1
10/03/2002,34.14,8.8
11/03/2002,32.67,1.1
12/03/2002,26.54,0.2
13/03/2002,23.79,0
14/03/2002,22,1.7
15/03/2002,23.74,9.1
16/03/2002,24.92,0.9
17/03/2002,24.94,8.3
18/03/2002,41.51,8.5
19/03/2002,36.46,1.3
20/03/2002,35.07,4.3
21/03/2002,34.65,0.1
22/03/2002,29.3,0
23/03/2002,26.59,0
24/03/2002,24.46,0
25/03/2002,22.67,0.2
26/03/2002,20.86,0
27/03/2002,19.21,0
28/03/2002,17.77,0
29/03/2002,16.49,0
30/03/2002,15.44,3
31/03/2002,15.28,2.7
01/04/2002,16.22,4
02/04/2002,16.38,3.1
03/04/2002,15.11,2.3
04/04/2002,14.41,0
05/04/2002,13.17,0
06/04/2002,11.78,0
07/04/2002,10.85,0
08/04/2002,10.29,0
09/04/2002,9.929,0
10/04/2002,9.537,0
11/04/2002,9.159,0.2
12/04/2002,8.826,0
13/04/2002,8.349,0.8
14/04/2002,8.125,1.5
15/04/2002,7.88,0
16/04/2002,7.629,0
17/04/2002,7.575,4.4
18/04/2002,7.441,0.5
19/04/2002,7.345,3.7
20/04/2002,7.415,1.9
21/04/2002,7.055,0.6
22/04/2002,6.803,0
23/04/2002,6.495,0
24/04/2002,6.314,0.2
25/04/2002,6.126,7.1
26/04/2002,6.624,4.1
27/04/2002,10.11,18.3
28/04/2002,18.62,7.7
29/04/2002,19.12,15.1
30/04/2002,33.28,5.9
01/05/2002,26.51,0.6
02/05/2002,19.01,0.1
03/05/2002,14.49,0.1
04/05/2002,12.8,1.7
05/05/2002,12.17,0
06/05/2002,10.92,0
07/05/2002,10.57,1.6
08/05/2002,9.826,0
09/05/2002,9.158,0
10/05/2002,8.629,0.2
11/05/2002,8.22,0
12/05/2002,7.94,10.7
13/05/2002,16.46,12.8
14/05/2002,13.98,2.8
15/05/2002,12.14,0.3
16/05/2002,10.5,4
17/05/2002,45.28,49.7
18/05/2002,92.35,1.5
19/05/2002,61.34,13.1
20/05/2002,64.15,4
21/05/2002,91.52,24.8
22/05/2002,104.2,7.2
23/05/2002,83.45,13.2
24/05/2002,79.44,1.9
25/05/2002,71.42,15.9
26/05/2002,74.34,2.1
27/05/2002,54.99,4.5
28/05/2002,52,8.1
29/05/2002,47.86,9.3
30/05/2002,49.27,0.8
31/05/2002,40.98,0
01/06/2002,35.77,0
02/06/2002,30.84,5.1
03/06/2002,29.28,2.1
04/06/2002,25.59,0
05/06/2002,22.06,4.4
06/06/2002,21.12,3.8
07/06/2002,21.19,1.7
08/06/2002,19.59,5.3
09/06/2002,24.18,8.5
10/06/2002,24.01,0.8
11/06/2002,20.4,0.4
12/06/2002,17.14,0.1
13/06/2002,15.92,4
14/06/2002,17.6,6.2
15/06/2002,18.77,3.9
16/06/2002,18.81,2.6
17/06/2002,16.91,0
18/06/2002,15.13,0.1
19/06/2002,13.85,0
20/06/2002,12.52,3.1
21/06/2002,12.89,3
22/06/2002,12.42,0.1
23/06/2002,11.23,0
24/06/2002,10.24,0
25/06/2002,9.569,0
26/06/2002,9.021,0.2
27/06/2002,8.491,0
28/06/2002,8.002,0
29/06/2002,7.705,0
30/06/2002,7.667,7
01/07/2002,8.713,7.5
02/07/2002,9.637,7.5
03/07/2002,11.25,0.8
04/07/2002,10.8,15.5
05/07/2002,19.61,2.9
06/07/2002,17.94,1.5
07/07/2002,12.91,5.5
08/07/2002,12.65,0.8
09/07/2002,11.16,1.7
10/07/2002,10.66,8.9
11/07/2002,20.28,3.6
12/07/2002,16.75,1.6
13/07/2002,13.21,0
14/07/2002,11.17,0
15/07/2002,9.973,0
16/07/2002,9.192,0
17/07/2002,8.515,0
18/07/2002,8.067,0
19/07/2002,7.672,0.2
20/07/2002,7.3,0.3
21/07/2002,6.95,0
22/07/2002,6.703,3.7
23/07/2002,6.629,0.5
24/07/2002,6.737,0
25/07/2002,6.597,0
26/07/2002,6.212,0.3
27/07/2002,5.934,0
28/07/2002,5.608,0
29/07/2002,5.387,0.7
30/07/2002,5.385,6.9
31/07/2002,6.31,0.4
01/08/2002,5.808,1.7
02/08/2002,5.457,0
03/08/2002,5.107,0
04/08/2002,4.811,0.1
05/08/2002,4.584,0
06/08/2002,4.414,0.1
07/08/2002,4.306,4.1
08/08/2002,4.831,10
09/08/2002,6.948,7
10/08/2002,9.298,0.2
11/08/2002,7.276,2.9
12/08/2002,6.125,0.3
13/08/2002,5.717,2
14/08/2002,5.37,0.8
15/08/2002,5.082,0.1
16/08/2002,4.694,0
17/08/2002,4.996,28
18/08/2002,13.8,1
19/08/2002,12.2,6.6
20/08/2002,11.55,0.6
21/08/2002,10.1,0
22/08/2002,7.777,0.1
23/08/2002,6.858,0.3
24/08/2002,6.364,0.1
25/08/2002,5.979,0
26/08/2002,5.635,0
27/08/2002,5.363,0.1
28/08/2002,5.201,1.8
29/08/2002,5.193,2
30/08/2002,5.536,7.5
31/08/2002,5.946,0.1
01/09/2002,5.543,0
02/09/2002,4.925,0
03/09/2002,4.678,2.3
04/09/2002,4.678,0.5
05/09/2002,4.517,6.6
06/09/2002,5.374,7.6
07/09/2002,7.238,3
08/09/2002,6.735,0.3
09/09/2002,7.186,13.8
10/09/2002,13.34,0
11/09/2002,9.608,0
12/09/2002,6.925,0
13/09/2002,6.028,0
14/09/2002,5.693,0
15/09/2002,5.464,0
16/09/2002,5.291,0
17/09/2002,5.009,0
18/09/2002,4.816,0
19/09/2002,4.655,0
20/09/2002,4.506,0
21/09/2002,4.369,0
22/09/2002,4.24,0
23/09/2002,4.118,0
24/09/2002,3.993,0
25/09/2002,3.918,0.6
26/09/2002,3.87,0
27/09/2002,3.865,0
28/09/2002,3.827,0
29/09/2002,3.722,0.2
30/09/2002,3.607,0.3
01/10/2002,3.545,0
02/10/2002,3.659,7.1
03/10/2002,3.831,0.1
04/10/2002,3.72,0
05/10/2002,3.677,0
06/10/2002,3.555,0
07/10/2002,3.468,0
08/10/2002,3.387,0.3
09/10/2002,3.285,0
10/10/2002,3.201,0
11/10/2002,3.176,15.8
12/10/2002,4.679,0.1
13/10/2002,32.88,57.5
14/10/2002,45.14,3.5
15/10/2002,33.91,4.2
16/10/2002,24.63,1.5
17/10/2002,19.41,4.9
18/10/2002,18.9,0.5
19/10/2002,16.31,2.5
20/10/2002,16.35,9.6
21/10/2002,23.29,11.5
22/10/2002,39.06,10.6
23/10/2002,42.71,1.2
24/10/2002,37.63,16.9
25/10/2002,56.28,4.7
26/10/2002,54.56,13.5
27/10/2002,57.87,1.1
28/10/2002,44.11,0.9
29/10/2002,38.75,5.8
30/10/2002,46.29,10.9
31/10/2002,49.63,2.9
01/11/2002,51.36,9.5
02/11/2002,64.46,17.4
03/11/2002,66.82,2.1
04/11/2002,54.2,1.8
05/11/2002,47.83,17.2
06/11/2002,72.45,2.4
07/11/2002,59.86,19.7
08/11/2002,122.5,18.1
09/11/2002,132.4,12.2
10/11/2002,123,2.2
11/11/2002,85.96,5.4
12/11/2002,70.41,5.7
13/11/2002,85.86,33.4
14/11/2002,176.4,5
15/11/2002,118.9,0.1
16/11/2002,78.93,0.3
17/11/2002,56.33,0.4
18/11/2002,45.61,1.3
19/11/2002,40.02,5.4
20/11/2002,38.91,8.2
21/11/2002,43.83,7.3
22/11/2002,45.02,8.6
23/11/2002,53.17,7.5
24/11/2002,49.81,3.3
25/11/2002,48.23,8.5
26/11/2002,60.26,16.8
27/11/2002,153.6,25.1
28/11/2002,144.6,12.6
29/11/2002,112.4,1.8
30/11/2002,86.08,7.3
01/12/2002,73.81,8.6
02/12/2002,72.02,5.6
03/12/2002,69.57,5.2
04/12/2002,64.65,1.1
05/12/2002,52.03,0
06/12/2002,42.43,0.4
07/12/2002,37.8,0.1
08/12/2002,33.93,0
09/12/2002,28.8,0
10/12/2002,24.95,0
11/12/2002,22.2,0.5
12/12/2002,20.21,1.1
13/12/2002,18.35,0.1
14/12/2002,17.08,2.6
15/12/2002,18.05,5.7
16/12/2002,18.6,0
17/12/2002,15.65,0
18/12/2002,13.99,0
19/12/2002,12.99,0
20/12/2002,14.4,5.7
21/12/2002,22.57,16.7
22/12/2002,35.73,2.1
23/12/2002,35.48,11.3
24/12/2002,51.23,7
25/12/2002,52.27,16.3
26/12/2002,83.9,17.3
27/12/2002,105.4,3.2
28/12/2002,77.69,19.8
29/12/2002,113.7,11.6
30/12/2002,113.2,3.8
31/12/2002,98.29,11.6
01/01/2003,90.8,8.8
02/01/2003,82.77,4.5
03/01/2003,67.47,0.2
04/01/2003,54.08,0
05/01/2003,44.26,0.1
06/01/2003,38.73,0
07/01/2003,34.52,0
08/01/2003,29.43,0.1
09/01/2003,26.66,0.1
10/01/2003,24.19,0
11/01/2003,21.51,0
12/01/2003,19.72,1.9
13/01/2003,22.06,1.2
14/01/2003,22.91,5.1
15/01/2003,23.29,0
16/01/2003,20.86,7.4
17/01/2003,28.53,4.3
18/01/2003,26.96,7
19/01/2003,30.84,20
20/01/2003,74.35,8.1
21/01/2003,72.27,11
22/01/2003,69.69,1.8
23/01/2003,57.69,0.7
24/01/2003,48.3,6.8
25/01/2003,46.6,1.8
26/01/2003,42.76,0.1
27/01/2003,40.23,2.7
28/01/2003,39.44,6.5
29/01/2003,40.23,12.6
30/01/2003,49.27,0.1
31/01/2003,40.33,8.3
01/02/2003,45.03,2.5
02/02/2003,44.66,2.7
03/02/2003,40.15,3.3
04/02/2003,36.83,2.8
05/02/2003,35.94,1.2
06/02/2003,33.94,2.5
07/02/2003,36.99,0.9
08/02/2003,35.7,10
09/02/2003,40.69,0
10/02/2003,38.39,8.6
11/02/2003,39.33,0.1
12/02/2003,35.02,0
13/02/2003,31.25,0
14/02/2003,27.7,0
15/02/2003,24.85,0
16/02/2003,22.6,0
17/02/2003,20.45,0
18/02/2003,18.7,0
19/02/2003,17.37,0.4
20/02/2003,16.93,0.4
21/02/2003,16.02,0
22/02/2003,15.31,5.5
23/02/2003,16.21,1.3
24/02/2003,15.3,0
25/02/2003,13.71,0
26/02/2003,12.72,0.6
27/02/2003,12.18,2
28/02/2003,31.03,22.2
01/03/2003,45.63,10.7
02/03/2003,37.34,0
03/03/2003,34.16,9.5
04/03/2003,37.71,5.1
05/03/2003,40.13,1.3
06/03/2003,36.63,2.4
07/03/2003,43.22,15.1
08/03/2003,62.38,10.3
09/03/2003,62.19,7.3
10/03/2003,58.01,4.3
11/03/2003,52.08,1.9
12/03/2003,44.74,0
13/03/2003,38.81,0
14/03/2003,35.01,0
15/03/2003,29.93,0
16/03/2003,26.2,0
17/03/2003,23.54,0
18/03/2003,21.19,0
19/03/2003,19.29,0
20/03/2003,17.72,0
21/03/2003,16.47,0
22/03/2003,15.27,0
23/03/2003,14.15,1.5
24/03/2003,13.5,0
25/03/2003,12.72,0
26/03/2003,11.94,0
27/03/2003,11.25,0
28/03/2003,10.92,2.4
29/03/2003,10.39,0
30/03/2003,9.782,0
31/03/2003,9.314,8.3
01/04/2003,11.13,2.8
02/04/2003,11.37,0.9
03/04/2003,9.631,0
04/04/2003,8.776,0
05/04/2003,8.221,0
06/04/2003,7.778,0
07/04/2003,7.351,0
08/04/2003,6.993,0
09/04/2003,6.689,0
10/04/2003,6.427,0
11/04/2003,6.2,0
12/04/2003,5.958,0
13/04/2003,5.778,1.3
14/04/2003,5.603,0
15/04/2003,5.331,0
16/04/2003,5.113,0
17/04/2003,4.89,0
18/04/2003,4.701,0
19/04/2003,4.529,0
20/04/2003,4.441,0.4
21/04/2003,4.442,2.8
22/04/2003,4.646,0
23/04/2003,4.52,1.5
24/04/2003,4.485,6.3
25/04/2003,5.095,2.7
26/04/2003,4.947,5.9
27/04/2003,5.455,22.7
28/04/2003,17.89,0.9
29/04/2003,10.78,9
30/04/2003,12.04,8.6
01/05/2003,12.96,13.6
02/05/2003,25.4,5.5
03/05/2003,31.62,9.8
04/05/2003,26.78,4.8
05/05/2003,22.53,0.5
06/05/2003,18.23,0.4
07/05/2003,15.68,1
08/05/2003,14,0
09/05/2003,12.6,0.4
10/05/2003,11.63,1.4
11/05/2003,10.94,2.8
12/05/2003,10.34,0.4
13/05/2003,9.688,1.5
14/05/2003,8.942,0.1
15/05/2003,8.833,12
16/05/2003,11.36,8.3
17/05/2003,13.22,6.1
18/05/2003,17.68,8.3
19/05/2003,22.96,7.7
20/05/2003,22.05,0.4
21/05/2003,18.57,7.2
22/05/2003,25.19,6.5
23/05/2003,29.75,3
24/05/2003,24.8,2
25/05/2003,20.79,0.2
26/05/2003,18.57,1.9
27/05/2003,16.5,0.9
28/05/2003,16.14,0
29/05/2003,13.84,0
30/05/2003,12.1,0
31/05/2003,10.95,0
01/06/2003,10.29,3.2
02/06/2003,9.686,0.2
03/06/2003,9.04,0.1
04/06/2003,10.03,10.2
05/06/2003,10.23,8.6
06/06/2003,12.63,0.1
07/06/2003,10.01,9.2
08/06/2003,12.55,4.1
09/06/2003,13.26,7.1
10/06/2003,13.01,1.2
11/06/2003,11.21,1.7
12/06/2003,11.08,0.4
13/06/2003,9.962,0.8
14/06/2003,9.267,0
15/06/2003,8.61,0
16/06/2003,8.093,0.4
17/06/2003,7.334,0.5
18/06/2003,7.066,0.3
19/06/2003,6.788,0
20/06/2003,6.364,0
21/06/2003,6.029,0.1
22/06/2003,5.848,1.6
23/06/2003,5.586,0
24/06/2003,5.22,0
25/06/2003,4.959,0.1
26/06/2003,4.82,6.4
27/06/2003,5.291,0.9
28/06/2003,4.777,0
29/06/2003,4.598,7.7
30/06/2003,4.848,0.4
01/07/2003,4.472,0.8
02/07/2003,4.284,0
03/07/2003,4.064,0
04/07/2003,3.986,0.1
05/07/2003,3.874,0
06/07/2003,3.736,0
07/07/2003,3.619,0.2
08/07/2003,3.561,0
09/07/2003,3.478,0.2
10/07/2003,3.408,0.2
11/07/2003,3.282,0
12/07/2003,3.151,0
13/07/2003,3.05,0
14/07/2003,2.943,0
15/07/2003,2.878,0
16/07/2003,2.92,7.9
17/07/2003,3.242,3.1
18/07/2003,3.257,0.2
19/07/2003,3.046,8
20/07/2003,3.561,10.3
21/07/2003,4.125,3
22/07/2003,4.47,2
23/07/2003,4.338,4.9
24/07/2003,7.898,60
25/07/2003,54.42,2.2
26/07/2003,33.21,1.6
27/07/2003,22.31,0.1
28/07/2003,15.26,9.5
29/07/2003,18.26,8.5
30/07/2003,18.52,1.9
31/07/2003,15.93,4.4
01/08/2003,15.44,0
02/08/2003,12.9,0
03/08/2003,11.06,0
04/08/2003,9.851,0
05/08/2003,8.872,0.1
06/08/2003,8.3,0
07/08/2003,7.798,0
08/08/2003,7.226,0
09/08/2003,6.671,1.8
10/08/2003,6.6,1
11/08/2003,6.236,0
12/08/2003,5.815,0
13/08/2003,5.443,0
14/08/2003,5.163,0
15/08/2003,4.903,0.1
16/08/2003,4.649,0
17/08/2003,4.441,0.5
18/08/2003,4.332,0
19/08/2003,4.132,0
20/08/2003,3.99,0
21/08/2003,3.901,1.7
22/08/2003,3.857,0.6
23/08/2003,3.789,0
24/08/2003,3.782,0.1
25/08/2003,3.515,0
26/08/2003,3.341,0
27/08/2003,3.262,0.4
28/08/2003,3.927,16.5
29/08/2003,4.451,2
30/08/2003,3.975,0.2
31/08/2003,3.695,0.1
01/09/2003,3.546,0
02/09/2003,3.351,0
03/09/2003,3.233,0
04/09/2003,3.11,0
05/09/2003,3.017,2.2
06/09/2003,2.989,0.7
07/09/2003,3.009,5.1
08/09/2003,3.343,4.7
09/09/2003,3.203,4.1
10/09/2003,3.117,1.1
11/09/2003,3.145,0.7
12/09/2003,3.369,0
13/09/2003,3.106,0
14/09/2003,2.956,0
15/09/2003,2.844,0
16/09/2003,2.759,0
17/09/2003,2.698,0
18/09/2003,2.675,0.4
19/09/2003,2.682,3.3
20/09/2003,2.682,0.1
21/09/2003,2.658,5.2
22/09/2003,3.151,8.7
23/09/2003,3.119,0.3
24/09/2003,3.034,0
25/09/2003,2.799,0.1
26/09/2003,2.73,1.4
27/09/2003,2.689,0.4
28/09/2003,2.667,0.3
29/09/2003,2.646,1.6
30/09/2003,2.638,0
01/10/2003,2.571,0
02/10/2003,2.489,0
03/10/2003,2.441,0.2
04/10/2003,2.392,6.1
05/10/2003,2.435,6.5
06/10/2003,2.533,7.6
07/10/2003,2.878,5.2
08/10/2003,4.578,0.2
09/10/2003,5.004,4.3
10/10/2003,4.145,0.9
11/10/2003,4.657,0.2
12/10/2003,3.985,5.4
13/10/2003,3.592,0.9
14/10/2003,4.012,0
15/10/2003,3.812,0
16/10/2003,3.199,0
17/10/2003,2.905,0
18/10/2003,2.696,0
19/10/2003,2.609,0
20/10/2003,2.511,3.1
21/10/2003,2.674,2.1
22/10/2003,2.681,0.2
23/10/2003,2.534,0.5
24/10/2003,2.528,2.9
25/10/2003,2.776,7.9
26/10/2003,3.432,0
27/10/2003,3.872,0
28/10/2003,3.532,15.3
29/10/2003,10.15,12.2
30/10/2003,27.87,11.4
31/10/2003,26,2.7
01/11/2003,17.13,17.3
02/11/2003,34.39,9.8
03/11/2003,32.21,0.4
04/11/2003,23.59,0.8
05/11/2003,17.47,2.4
06/11/2003,14.72,0
07/11/2003,12.23,0
08/11/2003,10.49,0.2
09/11/2003,10.1,7.5
10/11/2003,11.98,0.2
11/11/2003,11.3,7.5
12/11/2003,13.53,2.7
13/11/2003,20.59,17
14/11/2003,56.22,14.2
15/11/2003,54.23,2.3
16/11/2003,42.45,3.5
17/11/2003,40.6,5.3
18/11/2003,42.15,0.4
19/11/2003,38.21,2
20/11/2003,34.07,1.1
21/11/2003,27.34,0
22/11/2003,23.02,0
23/11/2003,19.99,0.1
24/11/2003,17.79,1.9
25/11/2003,22.09,16.1
26/11/2003,37.43,3.8
27/11/2003,33.06,0.7
28/11/2003,26.4,7
29/11/2003,39.89,10
30/11/2003,46.3,5.3
01/12/2003,51.59,10.8
02/12/2003,51.22,1.4
03/12/2003,43.14,0.1
04/12/2003,37.99,0
05/12/2003,33.06,0
06/12/2003,27.67,0
07/12/2003,23.63,0
08/12/2003,20.79,0
09/12/2003,18.72,0
10/12/2003,17.13,7.5
11/12/2003,20.76,9.2
12/12/2003,39.58,24.9
13/12/2003,68.07,2.5
14/12/2003,62.32,0.2
15/12/2003,51.61,0
16/12/2003,39.03,0
17/12/2003,33.63,0
18/12/2003,28,0
19/12/2003,24.19,11.3
20/12/2003,39.32,12.9
21/12/2003,50.24,5.6
22/12/2003,42.93,7
23/12/2003,46.09,1.4
24/12/2003,44.69,1.9
25/12/2003,40.87,2
26/12/2003,61.85,23
27/12/2003,74.57,3.5
28/12/2003,61.66,1.8
29/12/2003,49.51,0.1
30/12/2003,40.96,0.2
31/12/2003,44.78,17.3
01/01/2004,52.44,1.7
02/01/2004,45.99,5.4
03/01/2004,42.96,0.7
04/01/2004,38.76,1.5
05/01/2004,38.05,7.9
06/01/2004,42.47,1.2
07/01/2004,47.88,23.4
08/01/2004,94.23,6.8
09/01/2004,78.59,3
10/01/2004,68.62,11.9
11/01/2004,73.74,6.4
12/01/2004,68.38,5.7
13/01/2004,63.77,11.1
14/01/2004,74.7,9.3
15/01/2004,83.47,11.8
16/01/2004,89.15,2.2
17/01/2004,74.18,0
18/01/2004,56.72,0.1
19/01/2004,45.3,5.7
20/01/2004,48.58,4.1
21/01/2004,48.31,9.8
22/01/2004,56.19,2.4
23/01/2004,48.11,5.7
24/01/2004,44.78,0.1
25/01/2004,39.7,0.2
26/01/2004,36.74,0
27/01/2004,32.87,3
28/01/2004,31.3,2.8
29/01/2004,28.12,1.2
30/01/2004,41.11,34.2
31/01/2004,127.5,11
01/02/2004,100.6,9.8
02/02/2004,101.9,26.4
03/02/2004,212.8,28.8
04/02/2004,248.8,12.8
05/02/2004,173.5,2.1
06/02/2004,116.5,5.3
07/02/2004,77.35,1.5
08/02/2004,58.95,0
09/02/2004,48.04,0.1
10/02/2004,42.53,0
11/02/2004,38.78,0
12/02/2004,35.76,0.9
13/02/2004,31.87,0.4
14/02/2004,28.3,0
15/02/2004,24.98,0
16/02/2004,22.69,2.3
17/02/2004,21.19,0
18/02/2004,19.23,0.1
19/02/2004,17.22,0
20/02/2004,15.55,0
21/02/2004,14.54,0
22/02/2004,13.38,0
23/02/2004,12.39,0.2
24/02/2004,13.04,4.7
25/02/2004,13.56,6
26/02/2004,13.7,7.8
27/02/2004,12.84,1
28/02/2004,12,0.1
29/02/2004,11.12,0
01/03/2004,10.63,0
02/03/2004,10.43,0
03/03/2004,13.78,3.4
04/03/2004,16.09,1.8
05/03/2004,15.12,1.2
06/03/2004,13.64,1.8
07/03/2004,13.08,0.2
08/03/2004,12.63,0
09/03/2004,11.78,0
10/03/2004,11.28,0
11/03/2004,11.27,5.8
12/03/2004,12.94,1.3
13/03/2004,14.59,13.7
14/03/2004,39.84,6
15/03/2004,35.92,5.8
16/03/2004,33.54,1.7
17/03/2004,29.02,0.7
18/03/2004,30.56,20.3
19/03/2004,59.43,3.8
20/03/2004,51.43,1.1
21/03/2004,41.77,1.6
22/03/2004,36.71,3
23/03/2004,33.86,0.8
24/03/2004,28.74,2.7
25/03/2004,26.34,0.7
26/03/2004,23.3,0.2
27/03/2004,20.74,0
28/03/2004,18.79,0
29/03/2004,17.06,0
30/03/2004,15.55,0
31/03/2004,14.54,1.6
01/04/2004,14.06,4.9
02/04/2004,13.95,1.8
03/04/2004,24.27,19.9
04/04/2004,38.71,4.8
05/04/2004,31.45,2.6
06/04/2004,27.02,3.2
07/04/2004,27.32,1.8
08/04/2004,23.8,0.2
09/04/2004,20.68,1.3
10/04/2004,19.03,0
11/04/2004,17.34,0.1
12/04/2004,15.81,0
13/04/2004,14.71,0
14/04/2004,14.23,0
15/04/2004,14.81,8.8
16/04/2004,15.46,0.7
17/04/2004,18.15,13.4
18/04/2004,27.84,0.4
19/04/2004,20.35,4.3
20/04/2004,18.96,4.9
21/04/2004,23.2,6.3
22/04/2004,22.7,0
23/04/2004,19.79,0
24/04/2004,18.22,0
25/04/2004,16.92,0
26/04/2004,15.86,0
27/04/2004,14.93,0
28/04/2004,14.01,1.8
29/04/2004,13.18,0
30/04/2004,12.43,1.2
01/05/2004,11.67,0.4
02/05/2004,10.98,1.1
03/05/2004,10.89,18.2
04/05/2004,19.67,15.3
05/05/2004,41.05,10.2
06/05/2004,41.9,0.7
07/05/2004,36.43,0
08/05/2004,25.15,0.2
09/05/2004,20.84,0.1
10/05/2004,18.4,0
11/05/2004,16.53,0.3
12/05/2004,15.1,0
13/05/2004,13.91,0
14/05/2004,12.86,0
15/05/2004,11.81,0
16/05/2004,10.89,0
17/05/2004,10.1,0
18/05/2004,9.419,0
19/05/2004,8.903,0
20/05/2004,8.407,0
21/05/2004,7.945,0.1
22/05/2004,7.553,0
23/05/2004,7.235,0
24/05/2004,6.892,0
25/05/2004,6.406,0
26/05/2004,6.119,0
27/05/2004,5.867,0.4
28/05/2004,5.824,4.6
29/05/2004,5.796,1.8
30/05/2004,6.264,6.8
31/05/2004,6.6,10.2
01/06/2004,7.591,0.2
02/06/2004,7.023,0
03/06/2004,6.018,1.8
04/06/2004,5.613,0.3
05/06/2004,5.424,0
06/06/2004,5.207,0
07/06/2004,4.899,0
08/06/2004,4.616,0.1
09/06/2004,4.461,4
10/06/2004,4.595,1.4
11/06/2004,4.27,0.2
12/06/2004,4.043,0
13/06/2004,3.863,0
14/06/2004,3.672,0
15/06/2004,3.569,0
16/06/2004,3.48,0
17/06/2004,3.345,0.8
18/06/2004,3.334,2.8
19/06/2004,3.433,1.1
20/06/2004,3.314,0.6
21/06/2004,3.224,0.2
22/06/2004,4.414,31.4
23/06/2004,10.48,6.5
24/06/2004,13.27,0.2
25/06/2004,7.809,1.7
26/06/2004,5.984,2.4
27/06/2004,5.238,1.9
28/06/2004,4.871,0.1
29/06/2004,4.684,5.1
30/06/2004,4.657,1.3
01/07/2004,4.334,3.4
02/07/2004,4.184,1.5
03/07/2004,4.17,0
04/07/2004,4.027,0
05/07/2004,3.571,0
06/07/2004,3.281,0.5
07/07/2004,3.142,9.2
08/07/2004,4.267,4.4
09/07/2004,4.147,0.5
10/07/2004,3.59,3.6
11/07/2004,3.367,0.7
12/07/2004,3.28,0
13/07/2004,3.142,2.5
14/07/2004,3.087,2
15/07/2004,3.204,6.4
16/07/2004,4.089,12
17/07/2004,7.9,2.1
18/07/2004,9.45,0.2
19/07/2004,6.226,2.2
20/07/2004,5.099,5.6
21/07/2004,4.83,0.9
22/07/2004,4.572,1.7
23/07/2004,4.25,0
24/07/2004,3.854,0
25/07/2004,3.63,4.9
26/07/2004,3.708,1.6
27/07/2004,5.698,1
28/07/2004,5.245,0.9
29/07/2004,4.951,6.7
30/07/2004,5.322,0.2
31/07/2004,4.564,0
01/08/2004,3.892,0.1
02/08/2004,3.51,0.6
03/08/2004,3.302,0
04/08/2004,3.269,0
05/08/2004,3.181,1.4
06/08/2004,3.052,0
07/08/2004,2.931,0
08/08/2004,3.558,15.8
09/08/2004,4.099,0
10/08/2004,3.141,0
11/08/2004,5.71,22.7
12/08/2004,8.51,6
13/08/2004,6.431,0.1
14/08/2004,5.188,0.3
15/08/2004,4.674,10.1
16/08/2004,20.61,29.4
17/08/2004,50.6,13
18/08/2004,57.99,13.3
19/08/2004,43.84,9
20/08/2004,44.61,6
21/08/2004,41.75,0
22/08/2004,34.26,24.1
23/08/2004,75.88,10.3
24/08/2004,61.16,0.9
25/08/2004,45.87,1.7
26/08/2004,39.19,13.8
27/08/2004,44.81,0.1
28/08/2004,39.51,0.3
29/08/2004,34.07,2.2
30/08/2004,25.87,0.1
31/08/2004,21.53,0
01/09/2004,18.41,0
02/09/2004,16.16,0
03/09/2004,14.39,0.4
04/09/2004,13.25,0.1
05/09/2004,12.13,0
06/09/2004,10.91,0
07/09/2004,9.767,0
08/09/2004,9.043,0
09/09/2004,8.49,7.9
10/09/2004,10.26,5.7
11/09/2004,11.54,13.5
12/09/2004,27.13,27.1
13/09/2004,45.28,9.3
14/09/2004,40.36,2.8
15/09/2004,36.23,0.2
16/09/2004,35.88,20.1
17/09/2004,51.1,6.3
18/09/2004,46.8,0.8
19/09/2004,40.12,7.1
20/09/2004,38.81,0.1
21/09/2004,35.52,2.5
22/09/2004,31.47,6
23/09/2004,37.88,1.3
24/09/2004,35.77,0.1
25/09/2004,30,0.9
26/09/2004,22.76,1.1
27/09/2004,20.05,0.3
28/09/2004,19.59,3.3
29/09/2004,21.07,8.3
30/09/2004,24.2,0.6
01/10/2004,25.18,7.8
02/10/2004,25.18,2.9
03/10/2004,61.26,44.9
04/10/2004,113.9,1.4
05/10/2004,85.59,4.1
06/10/2004,65.7,1.5
07/10/2004,50.11,1.5
08/10/2004,42.26,0
09/10/2004,36.47,0
10/10/2004,29.94,0
11/10/2004,25.14,0
12/10/2004,22.29,5.7
13/10/2004,22.85,3.6
14/10/2004,35.89,27.7
15/10/2004,78.26,19.9
16/10/2004,95.68,3.1
17/10/2004,97.28,9.2
18/10/2004,81.41,9.7
19/10/2004,92.58,15
20/10/2004,90.37,6
21/10/2004,90.01,26.1
22/10/2004,203.2,25.9
23/10/2004,214.1,16.5
24/10/2004,192.4,25.4
25/10/2004,192.5,0.9
26/10/2004,138.9,0.3
27/10/2004,100.4,14
28/10/2004,91.8,10.7
29/10/2004,88.88,4.4
30/10/2004,73.44,0.1
31/10/2004,58.15,0
01/11/2004,47.33,0
02/11/2004,41.44,1.5
03/11/2004,38.43,5.1
04/11/2004,37.01,0
05/11/2004,31.74,0.3
06/11/2004,29.22,4.1
07/11/2004,28.8,2.3
08/11/2004,27.55,2.8
09/11/2004,29.74,11.9
10/11/2004,43.12,0.1
11/11/2004,35.31,0.7
12/11/2004,32.15,1.3
13/11/2004,30.31,0.8
14/11/2004,26.36,0
15/11/2004,24.11,1.2
16/11/2004,22.57,1.3
17/11/2004,22.08,7.9
18/11/2004,40.72,12.9
19/11/2004,43.67,4.5
20/11/2004,49.46,12
21/11/2004,52.13,1.3
22/11/2004,45.97,0
23/11/2004,40.56,0.2
24/11/2004,36.63,0.5
25/11/2004,34.22,8.2
26/11/2004,36.11,0.4
27/11/2004,34.02,10
28/11/2004,39.98,0.1
29/11/2004,33.82,0.6
30/11/2004,31.49,1.4
01/12/2004,28.48,0
02/12/2004,25.56,0
03/12/2004,23.3,0.3
04/12/2004,21.62,0.9
05/12/2004,20.68,1.5
06/12/2004,20.42,4.2
07/12/2004,21.11,0.6
08/12/2004,19.73,0
09/12/2004,17.71,0
10/12/2004,16.42,0.2
11/12/2004,15.44,0
12/12/2004,14.69,0
13/12/2004,14.03,0.1
14/12/2004,13.4,0.3
15/12/2004,13.17,7.1
16/12/2004,15.93,24.1
17/12/2004,48.59,4
18/12/2004,46.5,15.7
19/12/2004,47.67,0.1
20/12/2004,42.49,7.5
21/12/2004,46.96,26.4
22/12/2004,95.42,1.5
23/12/2004,85.57,0.3
24/12/2004,69.35,4.1
25/12/2004,53.56,14.6
26/12/2004,57.38,1.1
27/12/2004,62.43,17
28/12/2004,78.89,0.1
29/12/2004,62.55,0.3
30/12/2004,49.8,4.3
31/12/2004,45.27,0.5
01/01/2005,45.35,5.6
02/01/2005,40.62,0
03/01/2005,36.21,2.1
04/01/2005,36.85,4.7
05/01/2005,37.32,3.6
06/01/2005,35.63,8.5
07/01/2005,68.44,19.9
08/01/2005,98.78,0.6
09/01/2005,90.95,17.4
10/01/2005,104.3,0.4
11/01/2005,83.88,8.8
12/01/2005,65.07,0
13/01/2005,51.04,0
14/01/2005,44.79,3.4
15/01/2005,42.38,2.4
16/01/2005,38.79,5
17/01/2005,42.12,6.6
18/01/2005,42.63,1
19/01/2005,40.59,4.7
20/01/2005,41.55,2.4
21/01/2005,40.73,3.5
22/01/2005,41.37,5.2
23/01/2005,38.72,0.3
24/01/2005,35.3,0
25/01/2005,32.08,0
26/01/2005,29.36,0
27/01/2005,26.77,0.1
28/01/2005,24.42,0
29/01/2005,22.06,0
30/01/2005,20.31,0.6
31/01/2005,19.18,2.4
01/02/2005,19.14,0.2
02/02/2005,17.34,0.1
03/02/2005,16.07,0.3
04/02/2005,15.53,7.4
05/02/2005,18.14,0.3
06/02/2005,16.71,0.1
07/02/2005,14.62,0
08/02/2005,13.65,0.9
09/02/2005,13.74,15.7
10/02/2005,41.28,8
11/02/2005,44.83,16.5
12/02/2005,62.97,4.8
13/02/2005,63.08,4.4
14/02/2005,54.9,1.4
15/02/2005,41.8,0
16/02/2005,35.9,2.3
17/02/2005,33.11,0.4
18/02/2005,29.71,3.5
19/02/2005,28.94,0.2
20/02/2005,24.6,0
21/02/2005,22.03,0.1
22/02/2005,20.27,0.4
23/02/2005,18.8,0.3
24/02/2005,17.64,0.7
25/02/2005,16.76,0.2
26/02/2005,15.75,0.1
27/02/2005,14.67,0.1
28/02/2005,13.93,7.4
01/03/2005,18.34,1.7
02/03/2005,18.04,0.3
03/03/2005,14.41,2.9
04/03/2005,14.38,1.6
05/03/2005,14.84,0.4
06/03/2005,12.8,0.1
07/03/2005,11.96,0.4
08/03/2005,11.5,0
09/03/2005,11.07,0.3
10/03/2005,10.83,0.6
11/03/2005,10.62,1.8
12/03/2005,10.65,1.5
13/03/2005,10.65,0.1
14/03/2005,10.11,2.3
15/03/2005,10.68,6.4
16/03/2005,24.07,9.7
17/03/2005,22.71,0.3
18/03/2005,17.19,0
19/03/2005,15.62,0
20/03/2005,14.45,0
21/03/2005,14.97,8.5
22/03/2005,18.87,3.2
23/03/2005,19.64,5.1
24/03/2005,18.83,1.7
25/03/2005,16.99,0
26/03/2005,16.15,0.3
27/03/2005,15.59,0.9
28/03/2005,15.02,0.1
29/03/2005,14.16,3.8
30/03/2005,20.04,10.5
31/03/2005,31.01,0.1
01/04/2005,20.95,0
02/04/2005,17.17,0
03/04/2005,15.58,1.1
04/04/2005,14.75,0.2
05/04/2005,15.23,18
06/04/2005,33.08,3.8
07/04/2005,28.91,5.8
08/04/2005,25.66,0.8
09/04/2005,20.31,1.1
10/04/2005,19.17,0
11/04/2005,18.83,3.6
12/04/2005,18.76,1.8
13/04/2005,19.25,3.4
14/04/2005,18.17,0.3
15/04/2005,17.14,7.2
16/04/2005,18.45,1
17/04/2005,29.36,28.1
18/04/2005,57.19,2
19/04/2005,44.71,2.8
20/04/2005,38.15,0
21/04/2005,31.65,0
22/04/2005,27.41,2.6
23/04/2005,25.18,0.9
24/04/2005,22.3,0
25/04/2005,20.01,1.3
26/04/2005,18.84,2.7
27/04/2005,19.43,11.1
28/04/2005,27.32,1
29/04/2005,21.67,12.5
30/04/2005,30.88,3.4
01/05/2005,30.31,3.6
02/05/2005,32.73,8.5
03/05/2005,34.56,1.1
04/05/2005,26.75,0
05/05/2005,23.34,0.5
06/05/2005,21.44,1.7
07/05/2005,19.82,0
08/05/2005,18.24,0.4
09/05/2005,16.69,0.1
10/05/2005,15.31,0
11/05/2005,14.16,0
12/05/2005,13.17,0
13/05/2005,12.22,0
14/05/2005,11.49,0
15/05/2005,10.9,0
16/05/2005,10.3,0.1
17/05/2005,9.735,0
18/05/2005,9.409,3.6
19/05/2005,9.991,7.2
20/05/2005,10.3,1.6
21/05/2005,10.03,5.6
22/05/2005,10.49,7.1
23/05/2005,11.33,16.6
24/05/2005,21.63,1.7
25/05/2005,15.98,0.3
26/05/2005,12.47,0
27/05/2005,10.88,0.9
28/05/2005,9.969,0.3
29/05/2005,9.286,0
30/05/2005,8.677,0
31/05/2005,8.291,4.5
01/06/2005,9.476,6.1
02/06/2005,9.614,1.1
03/06/2005,9.788,4.1
04/06/2005,9.324,0.1
05/06/2005,8.746,2.3
06/06/2005,8.053,0
07/06/2005,7.371,0
08/06/2005,6.86,0
09/06/2005,6.32,0
10/06/2005,6.057,0
11/06/2005,5.852,0
12/06/2005,5.637,0
13/06/2005,5.435,0
14/06/2005,5.296,4.8
15/06/2005,5.652,3.7
16/06/2005,5.654,0.9
17/06/2005,5.439,0.2
18/06/2005,5.169,0
19/06/2005,4.876,0
20/06/2005,4.651,0
21/06/2005,4.478,0
22/06/2005,4.341,0
23/06/2005,4.208,6.8
24/06/2005,4.513,2.6
25/06/2005,4.581,0
26/06/2005,4.345,0
27/06/2005,4.127,0
28/06/2005,4.657,14.2
29/06/2005,4.878,3
30/06/2005,5.249,4.3
01/07/2005,5.879,4.8
02/07/2005,5.449,1.3
03/07/2005,5.251,2.4
04/07/2005,4.902,1.9
05/07/2005,5.001,10.4
06/07/2005,6.669,0.1
07/07/2005,6.608,0
08/07/2005,5.328,0
09/07/2005,4.585,0
10/07/2005,4.187,0
11/07/2005,3.974,0
12/07/2005,3.809,0
13/07/2005,3.688,0
14/07/2005,3.587,0
15/07/2005,3.507,0
16/07/2005,3.452,0
17/07/2005,3.394,1.1
18/07/2005,3.346,0.7
19/07/2005,3.317,0.7
20/07/2005,3.313,1.7
21/07/2005,3.306,0.1
22/07/2005,3.28,0.2
23/07/2005,3.267,6.4
24/07/2005,4.399,15.1
25/07/2005,4.66,0
26/07/2005,4.587,0
27/07/2005,4.033,22.5
28/07/2005,8.271,7.2
29/07/2005,5.827,0.8
30/07/2005,5.167,2.2
31/07/2005,4.441,1.6
01/08/2005,5.659,0.1
02/08/2005,5.286,2.6
03/08/2005,4.563,0
04/08/2005,4.385,12.1
05/08/2005,5.231,0.1
06/08/2005,6.307,0
07/08/2005,4.923,0
08/08/2005,4.202,0
09/08/2005,3.804,0
10/08/2005,3.565,0
11/08/2005,3.418,0.7
12/08/2005,3.334,1
13/08/2005,3.623,10
14/08/2005,4.363,0
15/08/2005,4.316,0
16/08/2005,3.653,0
17/08/2005,3.358,0
18/08/2005,3.246,0.3
19/08/2005,3.19,0.3
20/08/2005,3.124,0
21/08/2005,3.145,14.9
22/08/2005,3.869,0.1
23/08/2005,4.261,8.8
24/08/2005,4.649,2.5
25/08/2005,4.921,1.6
26/08/2005,4.732,0.7
27/08/2005,4.176,0.6
28/08/2005,3.628,0.4
29/08/2005,3.442,3.2
30/08/2005,3.354,0
31/08/2005,3.355,1.6
01/09/2005,3.222,0.2
02/09/2005,3.136,0
03/09/2005,3.083,0
04/09/2005,3.045,4.1
05/09/2005,3.028,0
06/09/2005,2.992,0
07/09/2005,2.949,2.7
08/09/2005,2.937,3.3
09/09/2005,2.941,1.5
10/09/2005,2.959,3
11/09/2005,2.975,0
12/09/2005,2.951,0
13/09/2005,2.916,2.6
14/09/2005,2.881,4.8
15/09/2005,2.922,3.2
16/09/2005,3.395,0.5
17/09/2005,3.958,0.1
18/09/2005,3.126,0
19/09/2005,2.953,1.4
20/09/2005,2.917,0
21/09/2005,2.876,0.3
22/09/2005,2.858,4.3
23/09/2005,2.853,0.7
24/09/2005,2.847,4.9
25/09/2005,2.888,1.5
26/09/2005,3.056,10
27/09/2005,4.171,1.5
28/09/2005,4.963,12.9
29/09/2005,8.353,5.3
30/09/2005,10.4,13.3
01/10/2005,18.73,4.2
02/10/2005,15.89,0
03/10/2005,11.31,0
04/10/2005,8.33,0
05/10/2005,6.939,0
06/10/2005,6.091,0.2
07/10/2005,5.624,4.5
08/10/2005,5.834,3.1
09/10/2005,6.967,0.1
10/10/2005,6.15,14.5
11/10/2005,55.31,48.2
12/10/2005,84.04,1.6
13/10/2005,55.88,0
14/10/2005,38.96,0
15/10/2005,26.89,0
16/10/2005,20.91,0.5
17/10/2005,17.5,0.9
18/10/2005,17.69,19.5
19/10/2005,41.59,9.4
20/10/2005,41.22,10.3
21/10/2005,71.71,16.1
22/10/2005,69.2,0.9
23/10/2005,53.7,19.3
24/10/2005,101,14.6
25/10/2005,96.23,0.2
26/10/2005,78.27,8
27/10/2005,57.71,4
28/10/2005,49.98,5.7
29/10/2005,52.81,20.7
30/10/2005,89.63,3.6
31/10/2005,80.11,12.8
01/11/2005,75.28,14.5
02/11/2005,97.44,22.8
03/11/2005,155.5,9.4
04/11/2005,125.1,3.8
05/11/2005,116.3,33.1
06/11/2005,183.5,2.9
07/11/2005,158.6,39.9
08/11/2005,373,30.4
09/11/2005,241.9,5.1
10/11/2005,144.8,5.8
11/11/2005,108.8,6.9
12/11/2005,87.94,2.3
13/11/2005,70.56,0
14/11/2005,55.69,3.1
15/11/2005,48.16,0.5
16/11/2005,41.9,0
17/11/2005,36.91,0.1
18/11/2005,31.63,0
19/11/2005,26.91,0
20/11/2005,23.8,0
21/11/2005,21.5,0.1
22/11/2005,19.45,0.1
23/11/2005,17.92,0.3
24/11/2005,18.36,15.9
25/11/2005,23.05,2.7
26/11/2005,22.93,0.7
27/11/2005,21.03,2.4
28/11/2005,22.02,1.7
29/11/2005,20.64,3.4
30/11/2005,23.58,2.7
01/12/2005,43.02,17
02/12/2005,59.36,8.5
03/12/2005,59.8,5.7
04/12/2005,61.7,6.1
05/12/2005,62.35,8.9
06/12/2005,69.4,0.1
07/12/2005,85.24,30.9
08/12/2005,130.5,0
09/12/2005,103.6,0.1
10/12/2005,68.1,0
11/12/2005,48.17,0.3
12/12/2005,40.79,0
13/12/2005,36.62,0.1
14/12/2005,32.04,0.3
15/12/2005,27.85,1.8
16/12/2005,26.38,2.9
17/12/2005,25.45,0.4
18/12/2005,21.66,3.3
19/12/2005,22.43,0
20/12/2005,19.83,1.1
21/12/2005,18,0.4
22/12/2005,16.81,0
23/12/2005,15.65,1.1
24/12/2005,14.81,0.9
25/12/2005,14.78,0.1
26/12/2005,13.59,0
27/12/2005,12.6,0
28/12/2005,11.61,0
29/12/2005,11.16,9.2
30/12/2005,26.39,11.5
31/12/2005,33.75,7.1
01/01/2006,38.92,4.6
02/01/2006,39.11,1.5
03/01/2006,33.17,1.1
04/01/2006,28.12,0
05/01/2006,23.92,0.1
06/01/2006,21.15,0.1
07/01/2006,19.27,0.1
08/01/2006,17.59,0
09/01/2006,16.68,6.5
10/01/2006,34.93,16
11/01/2006,48.89,0.1
12/01/2006,37.25,0.1
13/01/2006,43.24,17.1
14/01/2006,51.96,0.1
15/01/2006,47.56,11.5
16/01/2006,51.41,2.6
17/01/2006,46.51,3.8
18/01/2006,46.58,1.1
19/01/2006,43.68,4.4
20/01/2006,43.22,0
21/01/2006,38,0
22/01/2006,32.14,0.1
23/01/2006,27.79,0
24/01/2006,24.56,0
25/01/2006,21.91,0
26/01/2006,19.93,0
27/01/2006,18.02,0.2
28/01/2006,16.58,0
29/01/2006,15.09,0
30/01/2006,13.87,0
31/01/2006,12.93,0
01/02/2006,12.3,0
02/02/2006,11.75,0
03/02/2006,11.14,0
04/02/2006,10.48,0
05/02/2006,9.871,0
06/02/2006,9.434,0
07/02/2006,9.339,6
08/02/2006,10.69,1.3
09/02/2006,9.816,0
10/02/2006,8.417,0.1
11/02/2006,8.309,18
12/02/2006,22.3,1.4
13/02/2006,21.65,10.4
14/02/2006,38.21,19.7
15/02/2006,58.13,3.5
16/02/2006,48.46,7
17/02/2006,45.81,0.1
18/02/2006,37.98,0
19/02/2006,30.85,0
20/02/2006,25.78,0
21/02/2006,22.17,0.2
22/02/2006,19.66,0
23/02/2006,18.61,4.7
24/02/2006,17.83,0
25/02/2006,15.91,0
26/02/2006,14.38,0
27/02/2006,13.53,4.1
28/02/2006,15.5,4.2
01/03/2006,18.07,5.1
02/03/2006,17.67,0.5
03/03/2006,16.35,1.6
04/03/2006,15.39,2.3
05/03/2006,15.7,1.1
06/03/2006,17.87,8
07/03/2006,34.23,17.9
08/03/2006,74.05,8
09/03/2006,72.34,4.3
10/03/2006,56.49,0.1
11/03/2006,41.43,6.8
12/03/2006,39.02,0.4
13/03/2006,35.31,5.4
14/03/2006,34.63,0.3
15/03/2006,31.63,0.3
16/03/2006,27.25,0
17/03/2006,24.64,0
18/03/2006,22.51,0
19/03/2006,20.83,0
20/03/2006,19.24,0
21/03/2006,17.76,0
22/03/2006,16.62,0
23/03/2006,15.82,3.7
24/03/2006,19.8,11.3
25/03/2006,34.92,15
26/03/2006,65.01,29.6
27/03/2006,128.7,3
28/03/2006,98.18,8.4
29/03/2006,76.74,8.7
30/03/2006,71.43,6.3
31/03/2006,70.03,11.8
01/04/2006,72.47,1.5
02/04/2006,59.5,0.2
03/04/2006,47.21,0
04/04/2006,40.62,0
05/04/2006,36.82,0
06/04/2006,32.72,1.5
07/04/2006,29.63,3.1
08/04/2006,27.05,1.3
09/04/2006,24.58,0.9
10/04/2006,21.91,4.3
11/04/2006,28.16,8.5
12/04/2006,31.95,1.7
13/04/2006,23.67,1.3
14/04/2006,21.99,0.2
15/04/2006,19.46,0.1
16/04/2006,17.77,0.1
17/04/2006,16.54,0
18/04/2006,16.61,13.6
19/04/2006,29.99,7.1
20/04/2006,31.54,3.4
21/04/2006,26.41,0.5
22/04/2006,24.98,1.6
23/04/2006,21.56,0
24/04/2006,19.92,1.7
25/04/2006,18.7,0.1
26/04/2006,17.2,0
27/04/2006,15.93,0
28/04/2006,14.96,0
29/04/2006,14.25,0
30/04/2006,14.01,6.7
01/05/2006,14.82,0.1
02/05/2006,14.3,3.2
03/05/2006,12.75,0.5
04/05/2006,11.65,2.6
05/05/2006,11.01,0
06/05/2006,10.46,2.1
07/05/2006,11.26,19.1
08/05/2006,25.48,4.4
09/05/2006,20.64,0.3
10/05/2006,15.24,0.2
11/05/2006,14.77,2.9
12/05/2006,13.49,0.6
13/05/2006,11.92,0
14/05/2006,11.12,4.5
15/05/2006,11.8,2.1
16/05/2006,11.21,0
17/05/2006,16.65,13.2
18/05/2006,19.75,8.7
19/05/2006,23.79,14.6
20/05/2006,37.88,5.5
21/05/2006,53.74,21.8
22/05/2006,69.04,4.9
23/05/2006,53.97,6.7
24/05/2006,52.03,7.1
25/05/2006,49.28,16.2
26/05/2006,65.58,4.4
27/05/2006,75.69,7.3
28/05/2006,67.3,0.3
29/05/2006,51.92,0.6
30/05/2006,40.7,0
31/05/2006,35.03,0
01/06/2006,29.05,0
02/06/2006,24.65,0
03/06/2006,21.55,0
04/06/2006,19.21,0
05/06/2006,17.33,0
06/06/2006,15.71,0
07/06/2006,14.39,0
08/06/2006,12.39,0
09/06/2006,11.04,0
10/06/2006,10.1,0
11/06/2006,9.696,5.1
12/06/2006,8.906,0
13/06/2006,8.172,1.8
14/06/2006,7.686,0
15/06/2006,7.124,0
16/06/2006,6.669,0
17/06/2006,6.294,0
18/06/2006,6.212,3.7
19/06/2006,6.619,0.6
20/06/2006,6.879,5.1
21/06/2006,6.799,0
22/06/2006,6.21,0
23/06/2006,5.726,0
24/06/2006,5.516,0.2
25/06/2006,5.393,7.6
26/06/2006,5.802,2.1
27/06/2006,5.518,2.2
28/06/2006,5.319,0
29/06/2006,5.109,0
30/06/2006,4.886,0
01/07/2006,4.724,0
02/07/2006,4.631,11.3
03/07/2006,5.815,1.2
04/07/2006,6.792,5.8
05/07/2006,5.188,2.9
06/07/2006,4.707,0.1
07/07/2006,4.621,0
08/07/2006,4.653,9.4
09/07/2006,5.195,0.7
10/07/2006,4.549,1.2
11/07/2006,4.167,0
12/07/2006,3.954,0.3
13/07/2006,3.769,0
14/07/2006,3.524,0
15/07/2006,3.311,0
16/07/2006,3.146,0
17/07/2006,3.033,0
18/07/2006,2.943,0
19/07/2006,2.8,0
20/07/2006,2.737,0
21/07/2006,2.711,0
22/07/2006,2.601,1.5
23/07/2006,2.573,0
24/07/2006,2.541,0
25/07/2006,2.414,0
26/07/2006,2.343,0
27/07/2006,2.343,0
28/07/2006,2.292,0.2
29/07/2006,2.512,4.8
30/07/2006,2.572,4.5
31/07/2006,2.916,6.1
01/08/2006,2.872,0.1
02/08/2006,2.569,0
03/08/2006,2.412,0
04/08/2006,2.324,1.4
05/08/2006,2.272,0
06/08/2006,2.263,1.6
07/08/2006,2.16,0
08/08/2006,2.147,3.3
09/08/2006,2.141,0.1
10/08/2006,2.085,2.8
11/08/2006,2.166,1
12/08/2006,2.172,1
13/08/2006,2.227,0
14/08/2006,2.118,0
15/08/2006,2.134,2.6
16/08/2006,2.246,2.2
17/08/2006,2.401,9.8
18/08/2006,2.425,10.6
19/08/2006,4.008,17.1
20/08/2006,6.026,3.7
21/08/2006,6.123,0.4
22/08/2006,5.248,14.1
23/08/2006,6.694,1.5
24/08/2006,6.552,0
25/08/2006,4.992,5.9
26/08/2006,4.97,2.5
27/08/2006,6.733,1.9
28/08/2006,5.309,2.4
29/08/2006,4.594,0.1
30/08/2006,4.515,3.9
31/08/2006,4.166,7.9
01/09/2006,4.889,6.6
02/09/2006,7.789,7.7
03/09/2006,8.143,0
04/09/2006,6.616,1.7
05/09/2006,5.472,0
06/09/2006,5.019,1.3
07/09/2006,4.526,0
08/09/2006,4.155,0
09/09/2006,3.692,0
10/09/2006,3.359,0
11/09/2006,3.138,0.1
12/09/2006,2.981,0.3
13/09/2006,2.874,5.3
14/09/2006,2.993,0.9
15/09/2006,3.058,0
16/09/2006,3.125,1.1
17/09/2006,2.868,0.6
18/09/2006,2.792,2.9
19/09/2006,2.91,0
20/09/2006,3.068,0.2
21/09/2006,2.754,0.5
22/09/2006,2.531,2.5
23/09/2006,2.475,5
24/09/2006,2.531,0.1
25/09/2006,2.499,1.8
26/09/2006,2.655,0
27/09/2006,3.425,14.2
28/09/2006,4.251,4.4
29/09/2006,5.669,6.9
30/09/2006,6.754,12.4
01/10/2006,19.96,20.9
02/10/2006,22.08,2.9
03/10/2006,17.9,0.2
04/10/2006,13.78,6.8
05/10/2006,19.57,19.6
06/10/2006,40.13,3.1
07/10/2006,35.74,0
08/10/2006,27.24,8.2
09/10/2006,25.24,0
10/10/2006,23.65,25.6
11/10/2006,57.66,0.7
12/10/2006,45.85,0.4
13/10/2006,34.79,0
14/10/2006,24.72,0
15/10/2006,19.69,0
16/10/2006,16.92,1.4
17/10/2006,16.89,6.4
18/10/2006,16.36,13.3
19/10/2006,31.19,2.8
20/10/2006,31.33,5.6
21/10/2006,33.3,14.3
22/10/2006,55.34,8.8
23/10/2006,52.04,2.5
24/10/2006,42.35,2.1
25/10/2006,51.27,16.1
26/10/2006,54.14,0
27/10/2006,41.4,1.3
28/10/2006,36.79,1.8
29/10/2006,31.91,0.4
30/10/2006,27.12,2
31/10/2006,23.81,0.2
01/11/2006,20.33,0
02/11/2006,17.69,0
03/11/2006,15.92,0.1
04/11/2006,14.48,0
05/11/2006,13.37,0
06/11/2006,12.49,0
07/11/2006,11.68,1.8
08/11/2006,11.33,4.7
09/11/2006,12.69,0
10/11/2006,13.95,13.3
11/11/2006,20.67,1.2
12/11/2006,16.89,2.1
13/11/2006,14.93,1.4
14/11/2006,16,14.2
15/11/2006,41.47,11.3
16/11/2006,47.4,12.4
17/11/2006,58.78,2
18/11/2006,47.13,3.6
19/11/2006,60.92,20.1
20/11/2006,78.87,3.3
21/11/2006,65.34,1.1
22/11/2006,63.79,19.2
23/11/2006,77.94,7
24/11/2006,104,20.9
25/11/2006,116.6,14.1
26/11/2006,126.6,14.7
27/11/2006,151.4,15.8
28/11/2006,135.7,2.7
29/11/2006,96.39,3.5
30/11/2006,87.14,15.2
01/12/2006,93.48,2.7
02/12/2006,100.2,35.1
03/12/2006,189.9,1.9
04/12/2006,134.7,17.9
05/12/2006,128.3,7
06/12/2006,108.1,10.8
07/12/2006,112.1,11.2
08/12/2006,103,7.3
09/12/2006,88.88,2.4
10/12/2006,95.19,31.9
11/12/2006,147.9,1
12/12/2006,122,5.2
13/12/2006,95.23,4.1
14/12/2006,83.15,7.2
15/12/2006,106,13.2
16/12/2006,97.9,2.3
17/12/2006,79.01,7.4
18/12/2006,70.42,0.1
19/12/2006,56.33,0
20/12/2006,47.25,0.1
21/12/2006,41.35,0
22/12/2006,37.23,0.1
23/12/2006,32.21,0.1
24/12/2006,27.75,0
25/12/2006,24.74,0
26/12/2006,21.95,0
27/12/2006,20.32,5.1
28/12/2006,22.29,16.6
29/12/2006,93.01,29
30/12/2006,144.7,13.7
31/12/2006,128.1,9.2
01/01/2007,104.8,7.1
02/01/2007,80.37,1.2
03/01/2007,67.42,5.4
04/01/2007,57.82,0.7
05/01/2007,49.28,4.3
06/01/2007,49.96,11.9
07/01/2007,99.62,22.1
08/01/2007,121.3,8
09/01/2007,131.8,21.8
10/01/2007,138.6,10.6
11/01/2007,137.1,1
12/01/2007,102.4,2.5
13/01/2007,83.41,4.7
14/01/2007,66.75,0.1
15/01/2007,54.37,5
16/01/2007,53.13,11.7
17/01/2007,71.63,21.1
18/01/2007,117.4,4.5
19/01/2007,99.56,9
20/01/2007,96.75,3.1
21/01/2007,77.87,6.7
22/01/2007,68.08,0.1
23/01/2007,54.81,6.6
24/01/2007,53.79,0
25/01/2007,44.4,1.4
26/01/2007,40.7,1.6
27/01/2007,39.29,0
28/01/2007,34.83,0.1
29/01/2007,29.82,0
30/01/2007,26,0
31/01/2007,23.08,0.1
01/02/2007,20.77,0.3
02/02/2007,18.87,0
03/02/2007,17.17,0.1
04/02/2007,15.88,0
05/02/2007,14.81,0
06/02/2007,13.9,0
07/02/2007,13.16,8.6
08/02/2007,15.44,3.9
09/02/2007,15.86,11.9
10/02/2007,19.96,8.3
11/02/2007,45.36,13.1
12/02/2007,62.66,5
13/02/2007,55.43,3.4
14/02/2007,47.09,0
15/02/2007,50.41,14.9
16/02/2007,72.73,14.2
17/02/2007,70.31,0.6
18/02/2007,54.89,0.2
19/02/2007,58.73,11.3
20/02/2007,56.05,4.9
21/02/2007,57.94,18.5
22/02/2007,93.75,3.6
23/02/2007,83.03,10.3
24/02/2007,82.69,10.4
25/02/2007,83.24,3.1
26/02/2007,72.88,6.1
27/02/2007,71.33,7.5
28/02/2007,65.76,1.5
01/03/2007,53.56,0
02/03/2007,51.04,10.4
03/03/2007,51.89,2.9
04/03/2007,98.82,27
05/03/2007,159.7,37.1
06/03/2007,210.8,2.8
07/03/2007,132.5,3.5
08/03/2007,86.33,5
09/03/2007,63.77,0
10/03/2007,50.77,0
11/03/2007,44.04,2.3
12/03/2007,40.07,0
13/03/2007,36.23,0
14/03/2007,31.27,0
15/03/2007,28.02,2.5
16/03/2007,26.26,0.1
17/03/2007,23.58,4.1
18/03/2007,24.22,7.5
19/03/2007,29.48,2.4
20/03/2007,26.99,0.1
21/03/2007,21.56,6.1
22/03/2007,23.98,0.1
23/03/2007,22.66,0
24/03/2007,19.32,0
25/03/2007,17.52,0
26/03/2007,16.19,0
27/03/2007,15.06,0
28/03/2007,14.18,1.7
29/03/2007,14.27,1.5
30/03/2007,13.24,0
31/03/2007,12.25,0
01/04/2007,11.39,0
02/04/2007,10.64,0
03/04/2007,10.04,0
04/04/2007,9.57,0
05/04/2007,9.133,0
06/04/2007,8.714,0
07/04/2007,8.319,0
08/04/2007,7.966,0
09/04/2007,7.663,0
10/04/2007,7.377,0
11/04/2007,7.119,0
12/04/2007,6.869,0
13/04/2007,6.617,0
14/04/2007,6.4,0
15/04/2007,6.154,0
16/04/2007,5.967,0
17/04/2007,5.753,0
18/04/2007,5.559,0
19/04/2007,5.407,0
20/04/2007,5.224,0
21/04/2007,5.054,0.1
22/04/2007,4.939,2.2
23/04/2007,5.413,10.6
24/04/2007,6.915,5.6
25/04/2007,6.723,0
26/04/2007,5.677,0.1
27/04/2007,5.16,0
28/04/2007,4.775,0
29/04/2007,4.531,0
30/04/2007,4.313,0
01/05/2007,4.111,0
02/05/2007,3.979,0
03/05/2007,3.867,0
04/05/2007,3.779,0
05/05/2007,3.688,0.4
06/05/2007,3.741,7.6
07/05/2007,4.114,1.7
08/05/2007,4.03,4.5
09/05/2007,4.865,12.3
10/05/2007,6.429,10.2
11/05/2007,11.08,14.9
12/05/2007,13.86,3.1
13/05/2007,19.31,20.2
14/05/2007,23.67,6.7
15/05/2007,18.02,1.7
16/05/2007,18.02,16
17/05/2007,40.33,0.4
18/05/2007,38.1,2
19/05/2007,29.62,1.9
20/05/2007,18.37,0
21/05/2007,14.05,0
22/05/2007,11.88,0
23/05/2007,10.62,0
24/05/2007,9.706,0.8
25/05/2007,8.977,0
26/05/2007,8.322,1
27/05/2007,8.362,4.9
28/05/2007,7.819,0.2
29/05/2007,7.116,1.5
30/05/2007,6.958,3.9
31/05/2007,7.344,2.8
01/06/2007,6.681,0.1
02/06/2007,6.133,0.1
03/06/2007,5.901,2.1
04/06/2007,5.683,0
05/06/2007,5.263,0
06/06/2007,4.909,0
07/06/2007,4.694,0
08/06/2007,4.502,0
09/06/2007,4.297,0
10/06/2007,4.113,1.2
11/06/2007,6.124,8.2
12/06/2007,8.942,0
13/06/2007,6.256,3.1
14/06/2007,5.689,10
15/06/2007,12.47,15.9
16/06/2007,13.76,0
17/06/2007,9.601,3.8
18/06/2007,8.805,4.8
19/06/2007,8.632,6.6
20/06/2007,9.971,12.1
21/06/2007,16.76,5.3
22/06/2007,13.03,0.8
23/06/2007,10.81,1.8
24/06/2007,10.1,16.7
25/06/2007,38.87,13.9
26/06/2007,33.11,1.5
27/06/2007,25.4,2.1
28/06/2007,26.02,20.6
29/06/2007,46.53,6
30/06/2007,75.03,28.1
01/07/2007,111.2,16.3
02/07/2007,99.8,2.9
03/07/2007,75.2,1.7
04/07/2007,59.59,3.7
05/07/2007,51.41,4.6
06/07/2007,43,0.4
07/07/2007,35.23,0
08/07/2007,26.72,3.5
09/07/2007,27.4,15.5
10/07/2007,39.34,0.1
11/07/2007,29.26,0.7
12/07/2007,22.45,10.7
13/07/2007,82.58,31.3
14/07/2007,76.72,0
15/07/2007,56.39,4.2
16/07/2007,45.03,4.2
17/07/2007,40.69,6.4
18/07/2007,31.05,0
19/07/2007,30.64,22.3
20/07/2007,67.69,17
21/07/2007,72.16,3.6
22/07/2007,70.36,6.1
23/07/2007,61.44,1.2
24/07/2007,47.27,6.2
25/07/2007,41.77,7.9
26/07/2007,45.37,6.8
27/07/2007,39.97,0
28/07/2007,36.76,11.3
29/07/2007,35.62,0.1
30/07/2007,24.01,0
31/07/2007,19.09,0
01/08/2007,16.15,0.1
02/08/2007,13.8,0
03/08/2007,12.15,2
04/08/2007,11.28,0.2
05/08/2007,10.14,4.3
06/08/2007,9.119,6.6
07/08/2007,10.45,0.4
08/08/2007,8.391,0
09/08/2007,6.984,0
10/08/2007,6.599,0.8
11/08/2007,6.175,2.3
12/08/2007,5.751,0.5
13/08/2007,5.58,10.1
14/08/2007,7.346,7.7
15/08/2007,8.99,3.2
16/08/2007,7.754,0.4
17/08/2007,6.752,12.4
18/08/2007,18.19,17.1
19/08/2007,40.8,13.8
20/08/2007,52.5,1.8
21/08/2007,35.17,0
22/08/2007,23.57,0
23/08/2007,18.51,0
24/08/2007,15.61,0
25/08/2007,13.56,0
26/08/2007,11.84,0
27/08/2007,10.57,0
28/08/2007,9.589,0
29/08/2007,8.72,1
30/08/2007,8.15,0.3
31/08/2007,7.66,1
01/09/2007,7.264,0.1
02/09/2007,6.916,3.5
03/09/2007,7.213,0.1
04/09/2007,7.083,0
05/09/2007,5.607,0
06/09/2007,5.122,0
07/09/2007,4.755,0.1
08/09/2007,4.496,0
09/09/2007,4.288,0
10/09/2007,4.094,0.4
11/09/2007,3.789,0
12/09/2007,3.644,0
13/09/2007,3.516,1.4
14/09/2007,3.435,0.1
15/09/2007,3.248,0
16/09/2007,3.301,4.2
17/09/2007,3.333,4.8
18/09/2007,3.453,1.4
19/09/2007,3.514,12.5
20/09/2007,5.965,4.9
21/09/2007,8.865,6
22/09/2007,11.32,2.4
23/09/2007,11.05,26.1
24/09/2007,36.52,5.6
25/09/2007,34.84,7.5
26/09/2007,32.21,0.7
27/09/2007,22.08,0
28/09/2007,15.18,0.5
29/09/2007,12.43,0.5
30/09/2007,10.66,1.1
01/10/2007,9.556,0.1
02/10/2007,8.796,0
03/10/2007,8.459,3
04/10/2007,8.122,0
05/10/2007,7.412,0
06/10/2007,6.839,0
07/10/2007,6.488,0
08/10/2007,6.255,5.9
09/10/2007,7.009,0.5
10/10/2007,7.143,0
11/10/2007,6.48,0.1
12/10/2007,6.119,1.6
13/10/2007,6.069,1.3
14/10/2007,6.074,0.9
15/10/2007,6.138,2.9
16/10/2007,8.413,11.3
17/10/2007,12.29,0
18/10/2007,9.179,0
19/10/2007,7.603,0
20/10/2007,6.998,0
21/10/2007,6.675,0
22/10/2007,6.44,0
23/10/2007,6.19,0
24/10/2007,5.969,0
25/10/2007,5.869,0
26/10/2007,5.786,2.8
27/10/2007,6.219,14.5
28/10/2007,16.18,2.8
29/10/2007,14.96,1.5
30/10/2007,11.65,0.1
31/10/2007,10.76,0
01/11/2007,9.749,0
02/11/2007,9.185,0
03/11/2007,8.822,0
04/11/2007,8.559,0
05/11/2007,8.291,0.5
06/11/2007,8.003,0
07/11/2007,7.865,0.2
08/11/2007,7.963,6.3
09/11/2007,9.434,0.7
10/11/2007,9,0.8
11/11/2007,8.754,0.6
12/11/2007,8.459,3
13/11/2007,8.472,2.3
14/11/2007,10.34,3.1
15/11/2007,9.485,0.1
16/11/2007,8.445,0.7
17/11/2007,13.83,17.7
18/11/2007,27.41,4.4
19/11/2007,21.39,0.9
20/11/2007,18.04,6.8
21/11/2007,24.02,3.2
22/11/2007,25.56,4.1
23/11/2007,24.27,0.1
24/11/2007,21.87,3.2
25/11/2007,24.23,2.2
26/11/2007,22.55,3.2
27/11/2007,24.47,0.7
28/11/2007,25.69,6.4
29/11/2007,26.97,2.2
30/11/2007,31.13,11.7
01/12/2007,41.61,14.1
02/12/2007,59.44,5
03/12/2007,55,1.5
04/12/2007,56.22,16.9
05/12/2007,81.73,11.2
06/12/2007,97.79,19.6
07/12/2007,120.8,13.1
08/12/2007,127.3,17.3
09/12/2007,146.7,15.4
10/12/2007,137.9,0.1
11/12/2007,94.54,0.1
12/12/2007,66.53,0
13/12/2007,50.27,0
14/12/2007,42.5,0
15/12/2007,38.01,0
16/12/2007,33.66,0
17/12/2007,28.7,0
18/12/2007,25.43,0
19/12/2007,22.6,0
20/12/2007,20.39,0
21/12/2007,18.52,0
22/12/2007,17.6,1.3
23/12/2007,16.66,0.3
24/12/2007,37.55,24
25/12/2007,45.36,4.6
26/12/2007,38.41,0.8
27/12/2007,34.27,8.1
28/12/2007,72.78,15.1
29/12/2007,72.2,0.1
30/12/2007,54.67,0.4
31/12/2007,44.48,0.3
01/01/2008,39.22,0
02/01/2008,35.42,0
03/01/2008,30.47,0.8
04/01/2008,41.26,17.2
05/01/2008,42.41,0.5
06/01/2008,36.68,2.7
07/01/2008,34.34,8.7
08/01/2008,57.27,14.2
09/01/2008,61.96,13.7
10/01/2008,100.1,6.2
11/01/2008,78.56,0.4
12/01/2008,62.95,9.9
13/01/2008,142.2,33.8
14/01/2008,160.8,31.6
15/01/2008,223.4,6.6
16/01/2008,152.8,2.4
17/01/2008,105.4,7
18/01/2008,94.66,24
19/01/2008,139,14.9
20/01/2008,165.2,16.1
21/01/2008,173.2,2.7
22/01/2008,131.2,2.3
23/01/2008,85.98,2.9
24/01/2008,63.79,0
25/01/2008,50.27,0
26/01/2008,43.36,0
27/01/2008,39.21,0
28/01/2008,36.33,0.3
29/01/2008,35.93,8.1
30/01/2008,35.85,9
31/01/2008,41.11,1.7
01/02/2008,37.24,0.2
02/02/2008,33.68,6.2
03/02/2008,47.68,11
04/02/2008,56.59,13.8
05/02/2008,70.81,7.1
06/02/2008,62.66,0.5
07/02/2008,52.19,0.7
08/02/2008,45.27,0
09/02/2008,40.01,0
10/02/2008,36.63,0
11/02/2008,32.42,0
12/02/2008,28.28,0
13/02/2008,25.11,0
14/02/2008,22.64,0
15/02/2008,20.71,0
16/02/2008,18.78,0
17/02/2008,17.19,0
18/02/2008,15.95,0
19/02/2008,14.93,0
20/02/2008,14.02,0.2
21/02/2008,13.37,0.6
22/02/2008,12.86,0.6
23/02/2008,12.49,0.9
24/02/2008,12.36,2.4
25/02/2008,18.65,16.6
26/02/2008,27.54,0
27/02/2008,18.51,0
28/02/2008,14.93,0
29/02/2008,15.76,7.5
01/03/2008,19.67,1.4
02/03/2008,16.7,0.7
03/03/2008,15.27,4.3
04/03/2008,14.99,0.6
05/03/2008,15.01,0
06/03/2008,14.32,5.1
07/03/2008,15.48,1
08/03/2008,16.8,5.4
09/03/2008,29.07,24.9
10/03/2008,84.18,11.6
11/03/2008,70.15,3.5
12/03/2008,57.08,0.4
13/03/2008,43.98,0.7
14/03/2008,38.15,1.1
15/03/2008,56.82,30.6
16/03/2008,84.7,0.1
17/03/2008,59.69,0
18/03/2008,45.6,0.1
19/03/2008,39.57,0
20/03/2008,36.67,6.4
21/03/2008,43.67,1.9
22/03/2008,38.05,4.3
23/03/2008,34.76,3.7
24/03/2008,33,1
25/03/2008,26.64,2.3
26/03/2008,24.03,1.6
27/03/2008,23.75,9.3
28/03/2008,34.64,2.3
29/03/2008,59.44,22
30/03/2008,62.7,1
31/03/2008,48.03,1.8
01/04/2008,41.27,0.5
02/04/2008,36.9,0.1
03/04/2008,32.92,0.1
04/04/2008,28.71,1.1
05/04/2008,26.06,2.6
06/04/2008,25.66,3.9
07/04/2008,23.6,0.3
08/04/2008,20.86,0.9
09/04/2008,19.09,1
10/04/2008,18.81,10
11/04/2008,24.09,8.2
12/04/2008,31.04,4.6
13/04/2008,24.95,0.9
14/04/2008,20.56,0
15/04/2008,18.57,2
16/04/2008,17.58,0
17/04/2008,16.35,0.1
18/04/2008,15.54,0
19/04/2008,14.96,2.7
20/04/2008,14.21,0.7
21/04/2008,13.4,0.7
22/04/2008,12.77,1.4
23/04/2008,12.27,10.8
24/04/2008,15.34,1
25/04/2008,15.07,2.3
26/04/2008,13.45,6.8
27/04/2008,14.81,3.1
28/04/2008,15.09,1.1
29/04/2008,20.99,16.3
30/04/2008,32.04,4.2
01/05/2008,25.15,2.4
02/05/2008,21.95,0.4
03/05/2008,19.66,0
04/05/2008,18.11,1.5
05/05/2008,16.85,0.8
06/05/2008,15.88,0
07/05/2008,14.52,0.7
08/05/2008,13.52,2.7
09/05/2008,13.94,4.8
10/05/2008,13.75,0
11/05/2008,12.17,0.4
12/05/2008,11.02,0
13/05/2008,10.19,0
14/05/2008,9.573,0
15/05/2008,9.26,1.5
16/05/2008,10.08,9.5
17/05/2008,10.2,0.4
18/05/2008,9.281,0
19/05/2008,8.456,0
20/05/2008,7.894,0
21/05/2008,7.407,0
22/05/2008,7.229,2.1
23/05/2008,7.697,2.4
24/05/2008,6.8,3
25/05/2008,8.324,5.8
26/05/2008,7.037,6.8
27/05/2008,7.315,0.1
28/05/2008,9.985,11.4
29/05/2008,9.695,1.3
30/05/2008,8.197,0.7
31/05/2008,7.041,0.2
01/06/2008,6.556,0.5
02/06/2008,6.323,5.3
03/06/2008,7.178,0
04/06/2008,6.788,7.8
05/06/2008,7.096,2
06/06/2008,6.229,0
07/06/2008,6.067,0
08/06/2008,5.652,0
09/06/2008,5.298,0
10/06/2008,5.015,0
11/06/2008,4.987,5.4
12/06/2008,4.989,0
13/06/2008,4.838,0.1
14/06/2008,4.729,0.1
15/06/2008,4.493,0
16/06/2008,4.332,0
17/06/2008,4.3,11.6
18/06/2008,6.871,14.3
19/06/2008,7.532,0
20/06/2008,6.25,5.8
21/06/2008,8.191,14
22/06/2008,13.81,0
23/06/2008,9.645,0
24/06/2008,7.298,2.3
25/06/2008,6.471,0.1
26/06/2008,7.254,16
27/06/2008,12.36,1
28/06/2008,10.94,0.2
29/06/2008,8.501,2.2
30/06/2008,7.491,0
01/07/2008,7.507,7.1
02/07/2008,7.322,9.8
03/07/2008,10.7,0.7
04/07/2008,10.45,10
05/07/2008,14.35,8.4
06/07/2008,18.86,9.6
07/07/2008,25.04,3.9
08/07/2008,22.5,8.9
09/07/2008,32.97,12.2
10/07/2008,45.31,7.1
11/07/2008,39.66,2.2
12/07/2008,31.86,0.3
13/07/2008,24.57,0.1
14/07/2008,20.61,0
15/07/2008,17.9,0
16/07/2008,15.74,0.2
17/07/2008,14.35,1.1
18/07/2008,13.71,1.1
19/07/2008,13.14,0.6
20/07/2008,11.98,0
21/07/2008,10.6,0
22/07/2008,9.738,0
23/07/2008,9.027,0
24/07/2008,8.297,0.5
25/07/2008,7.764,0.5
26/07/2008,7.341,0
27/07/2008,6.933,0
28/07/2008,7.567,10.5
29/07/2008,7.641,12.5
30/07/2008,13.19,9.5
31/07/2008,18.56,15
01/08/2008,24.22,2.4
02/08/2008,17.16,0.2
03/08/2008,13.64,0.4
04/08/2008,12.2,5.9
05/08/2008,13.82,3.7
06/08/2008,25.42,15.1
07/08/2008,36.24,4.9
08/08/2008,25.25,7
09/08/2008,37.71,14.8
10/08/2008,42.18,0.8
11/08/2008,44.42,21.2
12/08/2008,62.15,10.1
13/08/2008,59.02,4.7
14/08/2008,58.94,7
15/08/2008,49.73,3.2
16/08/2008,56.32,14.1
17/08/2008,57.36,10.7
18/08/2008,95.36,25.5
19/08/2008,114,1.2
20/08/2008,96.21,21.1
21/08/2008,89.1,0.9
22/08/2008,72.07,0
23/08/2008,58.53,8.9
24/08/2008,51.05,0.6
25/08/2008,41.31,0.6
26/08/2008,36.38,0.7
27/08/2008,31.98,0.7
28/08/2008,28.49,0
29/08/2008,25.03,0
30/08/2008,21.91,0.2
31/08/2008,19.69,2.9
01/09/2008,19.14,2
02/09/2008,21.09,8.4
03/09/2008,34.17,16.6
04/09/2008,43.01,23.9
05/09/2008,110.6,23.5
06/09/2008,126.8,4.9
07/09/2008,90.66,0.2
08/09/2008,64.25,3.8
09/09/2008,52.22,3.5
10/09/2008,57.4,13.4
11/09/2008,60.44,4
12/09/2008,49.8,0
13/09/2008,42.36,0
14/09/2008,38.15,4.6
15/09/2008,36.5,4.4
16/09/2008,35.07,3.2
17/09/2008,33.08,0
18/09/2008,27.18,0
19/09/2008,23.02,0
20/09/2008,20.46,0
21/09/2008,18.5,0
22/09/2008,16.97,0.3
23/09/2008,15.67,0
24/09/2008,14.51,0
25/09/2008,13.48,0
26/09/2008,12.53,0
27/09/2008,11.75,0
28/09/2008,11.2,0.3
29/09/2008,11.81,17.1
30/09/2008,22.97,6.7
01/10/2008,26.1,8.5
02/10/2008,38.14,17.8
03/10/2008,54.98,3.7
04/10/2008,65.7,34.1
05/10/2008,111,0.2
06/10/2008,86.19,17.5
07/10/2008,161.3,17
08/10/2008,116.5,0.1
09/10/2008,76.5,0
10/10/2008,58.23,5.2
11/10/2008,51.57,4.6
12/10/2008,45.77,0.5
13/10/2008,39.89,0.8
14/10/2008,37.3,7.1
15/10/2008,39.33,2.5
16/10/2008,38.09,1
17/10/2008,33.4,0.2
18/10/2008,28.74,1.1
19/10/2008,32.07,14.2
20/10/2008,52.03,8
21/10/2008,46.11,2.3
22/10/2008,40.27,0
23/10/2008,58.02,16.8
24/10/2008,55,0
25/10/2008,62.94,37.7
26/10/2008,122.3,1.4
27/10/2008,119.5,12.9
28/10/2008,121.5,5.4
29/10/2008,98.36,8.6
30/10/2008,76.86,0.1
31/10/2008,57.76,0
01/11/2008,47.78,0.1
02/11/2008,42.36,0
03/11/2008,38.01,0
04/11/2008,33.94,0
05/11/2008,29.2,0
06/11/2008,26.99,5.3
07/11/2008,31.08,14.3
08/11/2008,83.81,17.7
09/11/2008,102.1,20
10/11/2008,95.59,5.8
11/11/2008,75.58,1.6
12/11/2008,59.49,5.2
13/11/2008,64.67,7.3
14/11/2008,61.86,2.4
15/11/2008,58.27,6.3
16/11/2008,61.3,1.7
17/11/2008,68.21,14.8
18/11/2008,80.59,0.4
19/11/2008,67.49,1
20/11/2008,55.51,3.2
21/11/2008,48.13,2.3
22/11/2008,43.72,7.9
23/11/2008,46.96,10.7
24/11/2008,60.48,0.4
25/11/2008,48.68,0.6
26/11/2008,42.63,1.2
27/11/2008,43.37,7.8
28/11/2008,43.07,0.2
29/11/2008,36.84,0.1
30/11/2008,32.07,0.6
01/12/2008,28.34,3.4
02/12/2008,27.86,0.9
03/12/2008,34.06,19.5
04/12/2008,66.63,9.5
05/12/2008,66.07,2.6
06/12/2008,58.76,0.1
07/12/2008,48.16,0.1
08/12/2008,45.53,7.9
09/12/2008,45.48,5.6
10/12/2008,47.48,2.2
11/12/2008,40.14,2.2
12/12/2008,91.62,29.8
13/12/2008,127.5,0.7
14/12/2008,75.1,0.3
15/12/2008,55.48,0.4
16/12/2008,49.14,6.5
17/12/2008,47.06,1.1
18/12/2008,41.87,3.8
19/12/2008,41.65,0.1
20/12/2008,36.85,1.8
21/12/2008,34.23,2
22/12/2008,35.28,0.4
23/12/2008,33.67,0
24/12/2008,27.94,0
25/12/2008,24.84,0
26/12/2008,22.45,0
27/12/2008,20.42,0
28/12/2008,18.78,0
29/12/2008,17.18,0
30/12/2008,15.84,0
31/12/2008,14.67,0
01/01/2009,13.65,0
02/01/2009,12.71,0
03/01/2009,12.03,0
04/01/2009,11.31,0.7
05/01/2009,11.06,0.2
06/01/2009,10.03,0
07/01/2009,9.615,0.2
08/01/2009,9.401,0.2
09/01/2009,9.242,0
10/01/2009,9.057,0.2
11/01/2009,21.92,29.1
12/01/2009,77.95,14.2
13/01/2009,63.06,0.7
14/01/2009,49.25,8.7
15/01/2009,92.66,17.9
16/01/2009,87.96,11.4
17/01/2009,108.9,15.7
18/01/2009,107,9.2
19/01/2009,103.4,5.8
20/01/2009,78.01,2.1
21/01/2009,83.17,23.1
22/01/2009,119.8,7.6
23/01/2009,95.03,0
24/01/2009,92.71,20.4
25/01/2009,116.1,4
26/01/2009,82.28,0.1
27/01/2009,74.73,16.2
28/01/2009,81.66,0
29/01/2009,64.27,4.6
30/01/2009,57.28,0.5
31/01/2009,46.84,0
01/02/2009,40.61,0
02/02/2009,37.36,2.4
03/02/2009,35.22,4.3
04/02/2009,30.96,1.1
05/02/2009,28.13,2.4
06/02/2009,25.74,3.2
07/02/2009,27.01,3.9
08/02/2009,25.04,1.7
09/02/2009,31.5,6.8
10/02/2009,36.99,1.3
11/02/2009,34.36,0.1
12/02/2009,32.66,1.5
13/02/2009,31.84,1.8
14/02/2009,30.69,0.2
15/02/2009,27.74,0
16/02/2009,24.54,0
17/02/2009,22.29,0
18/02/2009,20.59,0.1
19/02/2009,19.17,0.8
20/02/2009,17.88,0
21/02/2009,16.67,0.1
22/02/2009,15.67,0
23/02/2009,14.8,0
24/02/2009,13.94,0.4
25/02/2009,13.22,0.1
26/02/2009,12.61,0.3
27/02/2009,12.02,0.2
28/02/2009,11.51,0.1
01/03/2009,10.91,0.1
02/03/2009,10.47,2.1
03/03/2009,16.33,13.9
04/03/2009,20.97,1.4
05/03/2009,15.25,0.2
06/03/2009,12.87,1.3
07/03/2009,12.33,2.8
08/03/2009,13.23,3.1
09/03/2009,15.45,9.8
10/03/2009,23,0.7
11/03/2009,19.16,2.3
12/03/2009,17.75,0.9
13/03/2009,19.31,1.5
14/03/2009,16.8,0
15/03/2009,15.05,0
16/03/2009,13.97,0
17/03/2009,13.19,0
18/03/2009,12.51,0
19/03/2009,11.88,0
20/03/2009,11.24,0
21/03/2009,10.71,0
22/03/2009,10.3,0
23/03/2009,10.06,1.8
24/03/2009,9.948,1
25/03/2009,9.647,6.1
26/03/2009,11.05,1.3
27/03/2009,11.81,6.9
28/03/2009,11.26,1
29/03/2009,10.95,0.2
30/03/2009,9.665,0.8
31/03/2009,9.065,0
01/04/2009,8.693,0
02/04/2009,8.209,0
03/04/2009,7.878,2.7
04/04/2009,7.716,0
05/04/2009,7.406,0
06/04/2009,7.547,5.5
07/04/2009,9.705,10.5
08/04/2009,12.41,3.1
09/04/2009,11.4,7.5
10/04/2009,11.78,0.2
11/04/2009,11.18,0.1
12/04/2009,9.592,0
13/04/2009,8.971,2.8
14/04/2009,8.767,0.2
15/04/2009,8.476,0.5
16/04/2009,9.1,8.3
17/04/2009,10.12,1.1
18/04/2009,10.23,0
19/04/2009,8.742,0
20/04/2009,8.002,0
21/04/2009,7.598,0
22/04/2009,7.39,0
23/04/2009,7.179,0
24/04/2009,6.955,2.1
25/04/2009,7.089,4.2
26/04/2009,7.843,15.9
27/04/2009,14.91,1
28/04/2009,13.15,5.2
29/04/2009,11.96,9.2
30/04/2009,17.44,1.8
01/05/2009,15.16,2.2
02/05/2009,12.77,2
03/05/2009,11.77,0
04/05/2009,11.33,1.4
05/05/2009,10.84,0
06/05/2009,10.46,2.7
07/05/2009,10.15,2.8
08/05/2009,10.13,0.4
09/05/2009,9.378,0.6
10/05/2009,8.771,0
11/05/2009,8.122,0
12/05/2009,7.523,0.4
13/05/2009,7.336,1
14/05/2009,8.263,14.8
15/05/2009,27.87,15.5
16/05/2009,29.08,11.3
17/05/2009,33.4,12.5
18/05/2009,53.18,16.3
19/05/2009,69.03,2.9
20/05/2009,54.06,7
21/05/2009,46.97,0.7
22/05/2009,38.65,0.9
23/05/2009,34.25,0.1
24/05/2009,27.97,0
25/05/2009,23.95,3.3
26/05/2009,21.63,11.6
27/05/2009,31.22,3.4
28/05/2009,31.49,0
29/05/2009,21.35,0
30/05/2009,17.45,0
31/05/2009,15.27,0
01/06/2009,13.7,0
02/06/2009,12.39,0
03/06/2009,11.52,0
04/06/2009,10.37,0
05/06/2009,9.989,0.6
06/06/2009,21,38.7
07/06/2009,37.43,0.3
08/06/2009,21.71,0.2
09/06/2009,16.06,0
10/06/2009,15.95,8.1
11/06/2009,16.09,0
12/06/2009,13.81,0.1
13/06/2009,12.27,0
14/06/2009,11.25,0.7
15/06/2009,11.7,7.9
16/06/2009,10.59,0.8
17/06/2009,11.45,6.5
18/06/2009,10.13,0.2
19/06/2009,9.273,1.2
20/06/2009,8.636,0
21/06/2009,8.265,0.1
22/06/2009,7.889,0
23/06/2009,7.407,0.3
24/06/2009,6.911,0
25/06/2009,6.476,0.6
26/06/2009,6.389,3.7
27/06/2009,6.219,0
28/06/2009,5.867,0.4
29/06/2009,5.489,0
30/06/2009,5.184,1.8
01/07/2009,5.158,1.2
02/07/2009,5.54,11.2
03/07/2009,6.451,0.9
04/07/2009,6.345,4.1
05/07/2009,7.028,21.4
06/07/2009,14.21,11.2
07/07/2009,21.54,3.9
08/07/2009,19.09,0
09/07/2009,12.18,0
10/07/2009,9.166,2.4
11/07/2009,10.5,14.6
12/07/2009,14.98,1.1
13/07/2009,12.51,5.8
14/07/2009,12.04,10.2
15/07/2009,15.3,0.1
16/07/2009,38.44,53.9
17/07/2009,135.6,3.4
18/07/2009,94.14,2.5
19/07/2009,64.55,6.4
20/07/2009,50.02,6.6
21/07/2009,49.92,6.1
22/07/2009,45.92,6.5
23/07/2009,44.72,5.8
24/07/2009,41.13,1.2
25/07/2009,35.43,5.4
26/07/2009,38.52,9
27/07/2009,37.79,3.3
28/07/2009,42.88,20.3
29/07/2009,74.97,5.2
30/07/2009,59.09,0.3
31/07/2009,49.65,10.6
01/08/2009,52.09,0.1
02/08/2009,40.42,0.3
03/08/2009,38.67,10.7
04/08/2009,42.93,2.3
05/08/2009,36.63,0
06/08/2009,30.71,0
07/08/2009,26.01,0
08/08/2009,22.67,0.1
09/08/2009,20.33,2.7
10/08/2009,19.19,0.9
11/08/2009,17.23,3.4
12/08/2009,16.11,1.3
13/08/2009,18.02,0
14/08/2009,14.77,2.5
15/08/2009,13.5,0.3
16/08/2009,12.41,0.1
17/08/2009,11.33,0
18/08/2009,10.46,1.9
19/08/2009,10.83,9.9
20/08/2009,12.7,2.3
21/08/2009,11.3,0
22/08/2009,9.761,0.7
23/08/2009,13.73,14.9
24/08/2009,16.12,0.7
25/08/2009,12.96,8.3
26/08/2009,26.59,5.2
27/08/2009,22.08,7
28/08/2009,21.64,2.8
29/08/2009,20.23,0.4
30/08/2009,17.77,5.9
31/08/2009,25.71,10.6
01/09/2009,34.06,6.6
02/09/2009,50.96,27.3
03/09/2009,67.6,3.9
04/09/2009,52.86,0.4
05/09/2009,44.75,0.1
06/09/2009,37.59,3.6
07/09/2009,28.72,1
08/09/2009,27.94,5.1
09/09/2009,26.49,0
10/09/2009,20.83,0
11/09/2009,17.92,0
12/09/2009,16.01,0.1
13/09/2009,14.5,0
14/09/2009,13.24,0
15/09/2009,12.23,0
16/09/2009,11.25,0
17/09/2009,10.41,0
18/09/2009,9.776,0
19/09/2009,9.222,0.4
20/09/2009,8.65,0
21/09/2009,8.201,0.4
22/09/2009,7.915,0.8
23/09/2009,7.624,0.1
24/09/2009,7.299,0
25/09/2009,6.976,0
26/09/2009,6.719,0
27/09/2009,6.468,0
28/09/2009,6.263,0
29/09/2009,6.092,0.5
30/09/2009,5.932,0.9
01/10/2009,5.746,0
02/10/2009,5.542,1.7
03/10/2009,5.422,1.2
04/10/2009,5.331,0.1
05/10/2009,5.351,14.3
06/10/2009,20.08,28.4
07/10/2009,29.37,0
08/10/2009,16.69,0
09/10/2009,12.52,8.1
10/10/2009,13.73,3
11/10/2009,14.17,3.6
12/10/2009,14.71,0
13/10/2009,11.79,0
14/10/2009,10.78,0
15/10/2009,10.18,0.3
16/10/2009,9.696,0
17/10/2009,9.197,0
18/10/2009,8.802,0.1
19/10/2009,8.45,0.8
20/10/2009,10.68,12.4
21/10/2009,12.57,0.6
22/10/2009,11.77,6.4
23/10/2009,12.25,6.1
24/10/2009,15.63,1
25/10/2009,13.39,0.4
26/10/2009,12.06,1.4
27/10/2009,12.51,6.1
28/10/2009,13.46,0
29/10/2009,12.2,0
30/10/2009,18.79,12.9
31/10/2009,23.29,29.8
01/11/2009,93.26,4.1
02/11/2009,57.06,9.3
03/11/2009,53.9,5.5
04/11/2009,47.79,11
05/11/2009,53.45,5.8
06/11/2009,69.58,9.2
07/11/2009,87.12,14.6
08/11/2009,75.97,0.1
09/11/2009,56.12,2.9
10/11/2009,46.28,0.8
11/11/2009,41.59,5.4
12/11/2009,64.17,18
13/11/2009,138.9,39
14/11/2009,236.2,14
15/11/2009,176.2,14.1
16/11/2009,151.2,6.2
17/11/2009,103.2,22.2
18/11/2009,131.1,2.1
19/11/2009,139.7,24.2
20/11/2009,181.3,2.3
21/11/2009,190.1,28.6
22/11/2009,157.1,10.5
23/11/2009,123.1,7.5
24/11/2009,102.1,13.3
25/11/2009,108.1,7.6
26/11/2009,90.38,7.7
27/11/2009,85.77,19.2
28/11/2009,109.3,6.3
29/11/2009,94.95,4.5
30/11/2009,77.04,0.1
01/12/2009,65.18,12
02/12/2009,82.45,15.9
03/12/2009,75,2.4
04/12/2009,70.31,9
05/12/2009,107.4,22.1
06/12/2009,122.6,15.3
07/12/2009,151.3,11.6
08/12/2009,118.9,4.4
09/12/2009,92.42,5.7
10/12/2009,71.94,0.1
11/12/2009,56.04,0.1
12/12/2009,46.4,0
13/12/2009,41.19,0.1
14/12/2009,37.92,0.5
15/12/2009,33.49,0.2
16/12/2009,28.7,0.5
17/12/2009,25.03,0
18/12/2009,22.01,0.1
19/12/2009,21.85,6.4
20/12/2009,21.35,1
21/12/2009,19.01,1.5
22/12/2009,17.15,0.7
23/12/2009,16.76,9.9
24/12/2009,19.33,1.5
25/12/2009,32.43,15.6
26/12/2009,48.98,10
27/12/2009,51.9,2.8
28/12/2009,46.07,2
29/12/2009,54.02,14.1
30/12/2009,62.73,8.6
31/12/2009,50.91,0
01/01/2010,42.14,4.4
02/01/2010,38.45,2.9
03/01/2010,34.74,0.1
04/01/2010,28.62,2.2
05/01/2010,26.75,7.5
06/01/2010,23.7,0.3
07/01/2010,20.17,0
08/01/2010,17.26,0
09/01/2010,17.82,0
10/01/2010,16.53,0.2
11/01/2010,15.55,0
12/01/2010,15.2,3.5
13/01/2010,15.01,2.7
14/01/2010,16.91,9.4
15/01/2010,78.7,29.8
16/01/2010,176.1,2.6
17/01/2010,100.6,0.4
18/01/2010,67.98,0.1
19/01/2010,48.97,4.1
20/01/2010,43.29,2.3
21/01/2010,44.99,11
22/01/2010,50.75,0.2
23/01/2010,41.32,1.7
24/01/2010,38.06,1.3
25/01/2010,34.88,0
26/01/2010,29.38,0
27/01/2010,27.76,5.2
28/01/2010,32.53,11.5
29/01/2010,45.71,3.1
30/01/2010,39.85,1.2
31/01/2010,33.23,3.8
01/02/2010,29.75,6.2
02/02/2010,43.97,8.5
03/02/2010,47.81,5.5
04/02/2010,45.74,2.5
05/02/2010,39.73,0.4
06/02/2010,35.93,0
07/02/2010,31.37,0.1
08/02/2010,28.03,0
09/02/2010,24.78,0
10/02/2010,22.01,0.1
11/02/2010,19.84,0
12/02/2010,18.37,0
13/02/2010,17.23,0
14/02/2010,16.31,4.1
15/02/2010,17.09,4.2
16/02/2010,18.85,0.9
17/02/2010,16.58,0.5
18/02/2010,14.82,1.1
19/02/2010,14.09,1.6
20/02/2010,13.87,5.9
21/02/2010,15.35,1
22/02/2010,14.86,0
23/02/2010,13.73,3.9
24/02/2010,14.66,1.2
25/02/2010,15.43,0.7
26/02/2010,14.53,2.9
27/02/2010,15.55,3.4
28/02/2010,16.75,0.5
01/03/2010,14.52,0
02/03/2010,13.27,0.1
03/03/2010,12.64,0
04/03/2010,12.03,0
05/03/2010,11.53,0.1
06/03/2010,11.22,0
07/03/2010,10.61,0
08/03/2010,9.909,0
09/03/2010,9.332,0
10/03/2010,8.89,0
11/03/2010,8.572,1.3
12/03/2010,8.409,0.1
13/03/2010,8.164,0
14/03/2010,7.851,0
15/03/2010,7.57,0
16/03/2010,7.295,1.2
17/03/2010,7.139,0
18/03/2010,7.548,4.8
19/03/2010,8.947,20.5
20/03/2010,29.27,1.6
21/03/2010,17.7,1.5
22/03/2010,17.14,4.2
23/03/2010,17.3,9.1
24/03/2010,24.81,5.5
25/03/2010,34.48,17.9
26/03/2010,52.67,3.5
27/03/2010,41.87,0.1
28/03/2010,35.51,5.6
29/03/2010,45.74,17
30/03/2010,74.29,20.9
31/03/2010,102.1,6.9
01/04/2010,85.23,9
02/04/2010,76.3,6.5
03/04/2010,64.36,1.6
04/04/2010,52.04,1.2
05/04/2010,43.14,0.2
06/04/2010,41.94,9.1
07/04/2010,39.07,0
08/04/2010,32.12,0
09/04/2010,27.13,0
10/04/2010,23.93,0
11/04/2010,21.37,0
12/04/2010,19.24,0
13/04/2010,17.51,0
14/04/2010,16.04,0
15/04/2010,14.72,0
16/04/2010,13.55,0
17/04/2010,12.67,0
18/04/2010,11.85,0
19/04/2010,11.12,0
20/04/2010,10.46,0
21/04/2010,9.896,0
22/04/2010,9.414,0
23/04/2010,8.966,0
24/04/2010,8.631,3.5
25/04/2010,8.671,0.9
26/04/2010,8.281,0
27/04/2010,7.982,0
28/04/2010,7.632,0.4
29/04/2010,7.924,7
30/04/2010,8.491,6.7
01/05/2010,9.341,8.3
02/05/2010,11.86,0.1
03/05/2010,9.315,0
04/05/2010,7.756,0.5
05/05/2010,7.232,3.5
06/05/2010,7.286,1.8
07/05/2010,7.104,0.4
08/05/2010,6.727,0.5
09/05/2010,6.318,0
10/05/2010,6.115,0.8
11/05/2010,5.874,1
12/05/2010,5.73,1
13/05/2010,5.598,5
14/05/2010,6.2,2.3
15/05/2010,5.96,2.4
16/05/2010,5.777,0.1
17/05/2010,5.445,0
18/05/2010,5.224,1.6
19/05/2010,5.107,0.1
20/05/2010,4.954,0.1
21/05/2010,4.801,0
22/05/2010,4.581,0
23/05/2010,4.399,0
24/05/2010,4.225,0
25/05/2010,4.056,0
26/05/2010,3.923,0
27/05/2010,3.817,1.4
28/05/2010,3.735,6.3
29/05/2010,4.239,3.8
30/05/2010,4.126,0
31/05/2010,4.239,11.5
01/06/2010,5.173,0.4
02/06/2010,4.387,0
03/06/2010,4.089,0
04/06/2010,3.703,0
05/06/2010,3.472,0
06/06/2010,3.376,0.2
07/06/2010,3.682,12.4
08/06/2010,4.718,8.1
09/06/2010,6.465,9.3
10/06/2010,6.837,0
11/06/2010,5.137,0
12/06/2010,4.219,0
13/06/2010,3.859,3.4
14/06/2010,3.64,0
15/06/2010,3.443,0
16/06/2010,3.262,0
17/06/2010,3.095,0
18/06/2010,2.98,0
19/06/2010,2.877,0
20/06/2010,2.76,0
21/06/2010,2.677,0
22/06/2010,2.595,0
23/06/2010,2.521,0
24/06/2010,2.462,0
25/06/2010,2.387,0
26/06/2010,2.331,0
27/06/2010,2.267,0
28/06/2010,2.293,6.4
29/06/2010,2.39,0
30/06/2010,2.272,0
01/07/2010,4.259,28.1
02/07/2010,5.729,0
03/07/2010,3.993,0.1
04/07/2010,3.34,1.9
05/07/2010,3.015,0
06/07/2010,2.793,2.3
07/07/2010,2.976,5.4
08/07/2010,2.92,0.8
09/07/2010,2.837,1
10/07/2010,3.002,7.1
11/07/2010,3.292,0.2
12/07/2010,3.19,0
13/07/2010,3.051,10.5
14/07/2010,5.549,21.9
15/07/2010,14.94,13.8
16/07/2010,15.93,4.6
17/07/2010,11.08,4.9
18/07/2010,9.529,3.9
19/07/2010,10.92,15.2
20/07/2010,59.81,39.7
21/07/2010,88.13,10.8
22/07/2010,54.39,2.7
23/07/2010,41.38,0.3
24/07/2010,28.44,0.7
25/07/2010,21.98,4.7
26/07/2010,19.79,0.1
27/07/2010,18.62,0.1
28/07/2010,15.04,0.3
29/07/2010,13.11,0
30/07/2010,12.06,5.3
31/07/2010,13.12,1.8
01/08/2010,13.13,0.1
02/08/2010,11.06,0.3
03/08/2010,9.676,4.3
04/08/2010,9.324,0.8
05/08/2010,9.737,1.2
06/08/2010,8.641,3.5
07/08/2010,8.292,0.3
08/08/2010,8.269,0.2
09/08/2010,7.541,1.4
10/08/2010,6.972,0
11/08/2010,6.371,0
12/08/2010,5.963,1.2
13/08/2010,5.743,2.8
14/08/2010,5.837,0.8
15/08/2010,5.628,0
16/08/2010,5.214,2.9
17/08/2010,5.199,1.9
18/08/2010,5.25,0.5
19/08/2010,6.463,25.1
20/08/2010,18.5,3.8
21/08/2010,21.06,10.2
22/08/2010,19.12,3.1
23/08/2010,14.21,1.5
24/08/2010,11.73,0.2
25/08/2010,12.37,11.5
26/08/2010,16.04,0.1
27/08/2010,13.02,0
28/08/2010,10.79,1.2
29/08/2010,10.02,0.3
30/08/2010,9.264,0
31/08/2010,8.451,0
01/09/2010,7.817,0
02/09/2010,7.241,0
03/09/2010,6.76,0
04/09/2010,6.455,0.5
05/09/2010,6.123,1.8
06/09/2010,9.076,20.4
07/09/2010,13.83,5.6
08/09/2010,13.72,5
09/09/2010,12.04,8.1
10/09/2010,29.46,23.3
11/09/2010,47.17,1.2
12/09/2010,34.01,1.2
13/09/2010,27.37,10.3
14/09/2010,40.39,7.3
15/09/2010,41.31,1.5
16/09/2010,37.12,1.7
17/09/2010,27.58,0
18/09/2010,20.2,0.5
19/09/2010,17.52,0.9
20/09/2010,15.66,0.1
21/09/2010,13.85,0
22/09/2010,16.36,17.1
23/09/2010,28.91,9.5
24/09/2010,32.66,0.3
25/09/2010,22.3,0
26/09/2010,17.29,0
27/09/2010,15.3,0
28/09/2010,14.28,14.1
29/09/2010,23.13,0.2
30/09/2010,19.6,13.3
